Name,Address,City,Zip,COUNTY,LONGLAT,USNG,FACILITY_TYPE,SHELTER_TYPE,RPC_Region,Year_Built,Building,AS_IS_A_Retrofit_R,Generator_Type,PreMitigation_Capacity_Spaces,PreMitigation_Square_Footage,EHPA_Capacity_Gained_Spaces,EHPA_Square_Footage_Gained,Retrofit_Capacity_Gained_Spaces,Retrofit_Square_Footage_Gained,Risk_Capacity_Spaces,Risk_Square_Footage,Planned_Usage_Spaces,FundingSource_F_Federal_State_S,Evacuation_Zone,SURGE_ZONE,FLOOD_ZONE,EHPA,General_Pop,SPECIAL_NEEDS,Pet_Friendly,Does_not_meet_ARC_4496,Survey_Needed,x,y
Tommy Smith ES,5044 Tommy Smith Way,Panama City,32404,BAY,"-85.56411399, 30.24187200",16R FU 38157 46459,SHELTER,RISK,1,1991,2 Classroom,R, ,0,0,0,0,400,8007,400,8007,0,HMGP,No,No,No,No,Yes, ,Yes, , ,-9524953.599351915,3534678.2755312514
Jinks MS,600 W 11th St,Panama City,32401,BAY,"-85.66797901, 30.16873000",16R FU 28258 38231,SHELTER,RISK,1,2003,6 Band / Classroom,R, ,0,0,0,0,125,2769,138,2769,125,HMGP,No,No,No,No,Yes, ,Yes, , ,-9536515.800897287,3525257.0021706247
Rosenwald HS,1310 E 11th St,Panama City,32401,BAY,"-85.64126698, 30.16684701",16R FU 30833 38053,SHELTER,RISK,1,2002,13 Classroom,R, ,0,0,0,0,175,3493,175,3493,202, ,No,No,No,No,Yes, ,Yes, , ,-9533542.230664534,3525014.549776254
Bozeman Learning Center,13410 SR 77,Panama City,32409,BAY,"-85.68895471, 30.39417873",16R FU 25949 63194,SHELTER,RISK,1,2000,5 Classroom,R, ,0,0,0,0,686,11518,576,11518,686,HMGP,No,No,No,No,Yes, ,Yes, , ,-9538850.80451574,3554319.1398440883
Tommy Smith ES,5044 Tommy Smith Way,Panama City,32404,BAY,"-85.56411399, 30.24187200",16R FU 38157 46459,SHELTER,RISK,1,1991,3 Classroom,R, ,0,0,0,0,426,8515,426,8515,0,HMGP,No,No,No,No,Yes, ,Yes, , ,-9524953.599351915,3534678.2755312514
New Horizons Learning Center,3100 Minnesota Ave,Panama City,32405,BAY,"-85.64554131, 30.20228600",16R FU 30374 41975,SHELTER,RISK,1,0,2,A, ,0,0,222,4443,0,0,222,4443,0,L,No,No,No,Yes,Yes, ,Yes, ,Yes,-9534018.04754958,3529578.413888674
Moore ES,1900 Michigan Ave,Panama City,32405,BAY,"-85.70702904, 30.18332398",16R FU 24479 39805,SHELTER,RISK,1,1996,5 Media (13),R, ,0,0,0,0,46,925,46,925,0,HMGP,D,5,No,No,Yes, ,Yes, , ,-9540862.830319308,3527136.264817037
Bay HS,1204 Harrison Ave,Panama City,32405,BAY,"-85.65870603, 30.17061400",16R FU 29148 38450,SHELTER,RISK,1,2001,7 Cafeteria,R, ,0,0,0,0,680,13609,680,13609,967, ,No,No,No,No,Yes, ,Yes, , ,-9535483.537152587,3525499.5886440263
Merriam-Cherry St. ES,1125 Cherry St,Panama City,32401,BAY,"-85.64585699, 30.14689699",16R FU 30417 35837,SHELTER,RISK,1,1996,11 Multipurpose / Cafeteria,A, ,0,0,253,5054,0,0,253,5054,0,L,C,No,No,Yes,Yes, ,Yes, ,Yes,-9534053.188710721,3522446.091064311
Waller ES,11332 Hwy 338,Youngstown,32466,BAY,"-85.57356000, 30.31227500",16R FU 37151 54250,SHELTER,RISK,1,1996,3 Cafeteria,R, ,0,0,0,0,82,1638,82,1638,0,L,No,No,No,No,Yes, ,Yes, , ,-9526005.124572664,3543753.3694607383
Bozeman Learning Center,13410 SR 77,Panama City,32409,BAY,"-85.68895471, 30.39417873",16R FU 25949 63194,SHELTER,RISK,1,2000,1 Admin / Clinic,R, ,0,0,0,0,267,5340,267,5340,267, ,No,No,No,No,Yes, ,Yes, , ,-9538850.80451574,3554319.1398440883
Tommy Smith ES,5044 Tommy Smith Way,Panama City,32404,BAY,"-85.56411399, 30.24187200",16R FU 38157 46459,SHELTER,RISK,1,1991,1 Classroom,R, ,0,0,0,0,235,4708,235,4708,0,HMGP,No,No,No,No,Yes, ,Yes, , ,-9524953.599351915,3534678.2755312514
Oakland Terrace ES,2010 W 12th St,Panama City,32401,BAY,"-85.69123301, 30.17070302",16R FU 26016 38424,SHELTER,RISK,1,2000,13 Classroom,R, ,0,0,0,0,224,3365,168,3365,294,HMGP,No,No,No,No,Yes, ,Yes, , ,-9539104.424116118,3525511.0505374833
Parker ES,640 S Hwy 22A,Panama City,32404,BAY,"-85.60051400, 30.13559902",16R FU 34800 34637,SHELTER,RISK,1,2007,2 Multipurpose,A, ,0,0,180,3600,0,0,180,3600,0,L,No,No,No,Yes,Yes, ,Yes, ,Yes,-9529005.629597895,3520991.7684137593
Cedar Grove ES,2826 East 15th St,Panama City,32405,BAY,"-85.62116198, 30.17427002",16R FU 32759 38899,SHELTER,RISK,1,1999,12 Classroom,R, ,0,0,0,0,306,4865,243,4865,306,HMGP,No,No,No,No,Yes, ,Yes, , ,-9531304.152305467,3525970.3559116996
Moore ES,1900 Michigan Ave,Panama City,32405,BAY,"-85.70702904, 30.18332398",16R FU 24479 39805,SHELTER,RISK,1,1996,3 Cafeteria (11),R, ,0,0,0,0,483,9661,483,9661,0,HMGP,D,5,No,No,Yes, ,Yes, , ,-9540862.830319308,3527136.264817037
Bozeman Learning Center,13410 SR 77,Panama City,32409,BAY,"-85.68895471, 30.39417873",16R FU 25949 63194,SHELTER,RISK,1,2000,3 Classroom,R, ,0,0,0,0,526,7894,395,7894,641, ,No,No,No,No,Yes, ,Yes, , ,-9538850.80451574,3554319.1398440883
Tommy Smith ES,5044 Tommy Smith Way,Panama City,32404,BAY,"-85.56411399, 30.24187200",16R FU 38157 46459,SHELTER,RISK,1,1991,4 Classroom,R, ,0,0,0,0,438,8764,438,8764,0,HMGP,No,No,No,No,Yes, ,Yes, , ,-9524953.599351915,3534678.2755312514
Bozeman Learning Center,13410 SR 77,Panama City,32409,BAY,"-85.68895471, 30.39417873",16R FU 25949 63194,SHELTER,RISK,1,2000,9 Cafeteria,A,HW 600KW,0,0,110,8277,0,0,138,8277,108,EHPA,No,No,No,Yes, ,Yes,Yes, , ,-9538850.80451574,3554319.1398440883
Pattersen ES,1025 Redwood Ave,Panama City,32401,BAY,"-85.63851796, 30.16655301",16R FU 31098 38023,SHELTER,RISK,1,2000,16 Classroom,R, ,0,0,0,0,265,5294,265,5294,0,F-HB7121,No,No,No,No,Yes, ,Yes, , ,-9533236.212057391,3524976.6957278526
Bozeman Learning Center,13410 SR 77,Panama City,32409,BAY,"-85.68895471, 30.39417873",16R FU 25949 63194,SHELTER,RISK,1,2000,4 Classroom,R, ,0,0,0,0,580,9401,470,9401,580,HMGP,No,No,No,No,Yes, ,Yes, , ,-9538850.80451574,3554319.1398440883
Jinks MS,600 W 11th St,Panama City,32401,BAY,"-85.66797901, 30.16873000",16R FU 28258 38231,SHELTER,RISK,1,2003,10 Cafeteria,R, ,0,0,0,0,76,1836,92,1836,76,HMGP,No,No,No,No,Yes, ,Yes, , ,-9536515.800897287,3525257.0021706247
Bay County Sheriff Office,3421 Highway 77,Panama City,32404,BAY,"-85.65079200, 30.21048001",16R FU 29858 42878,SHELTER,RISK,1,1994,1 Main,R, ,0,0,0,0,494,9880,494,9880,494,S FY 11-12 1515A,No,No,No,No,Yes, ,Yes, , ,-9534602.55185287,3530633.8790146504
Merritt Brown MS,5601 Merritt Brown Rd,Panama City,32404,BAY,"-85.56317597, 30.24219998",16R FU 38247 46496,SHELTER,RISK,1,1988,4 Classroom 1st Floor,R, ,0,0,0,0,877,17538,877,17538,0,HMGP,No,No,No,No,Yes, ,Yes, , ,-9524849.179599922,3534720.5382399946
Waller ES,11332 Hwy 338,Youngstown,32466,BAY,"-85.57356000, 30.31227500",16R FU 37151 54250,SHELTER,RISK,1,1998,4 Classroom,R, ,0,0,0,0,207,4141,207,4141,0,L,No,No,No,No,Yes, ,Yes, , ,-9526005.124572664,3543753.3694607383
Mowat MS,1903 Hwy 390,Lynn Haven,33444,BAY,"-85.65584604, 30.22849800",16R FU 29348 44869,SHELTER,RISK,1,2000,11 Classroom,R, ,0,0,0,0,139,2782,139,2782,139,HMGP,No,No,No,No,Yes, ,Yes, , ,-9535165.164681204,3532955.074635782
Rutherford HS,1000 School Ave,Panama City,32401,BAY,"-85.61524301, 30.16608099",16R FU 33340 37998,SHELTER,RISK,1,1995,2  Media / Classroom 1st Floor,R, ,0,0,0,0,237,4740,237,4740,237,HMGP,No,No,No,No,Yes, ,Yes, , ,-9530645.256114649,3524915.9189127935
Bozeman Learning Center,13410 SR 77,Panama City,32409,BAY,"-85.68895471, 30.39417873",16R FU 25949 63194,SHELTER,RISK,1,2000,6 Music,R, ,0,0,0,0,319,4791,240,4791,604,HMGP,No,No,No,No,Yes, ,Yes, , ,-9538850.80451574,3554319.1398440883
Bozeman Learning Center,13410 SR 77,Panama City,32409,BAY,"-85.68895471, 30.39417873",16R FU 25949 63194,SHELTER,RISK,1,2000,7 Classroom,R, ,0,0,0,0,510,7647,382,7647,826,L,No,No,No,No,Yes, ,Yes, , ,-9538850.80451574,3554319.1398440883
Waller ES,11332 Highway 388,Fountain,32466,BAY,"-85.44058896, 30.36635101",16R FU 49855 60412,SHELTER,RISK,1,2000,5 Classroom,R, ,0,0,0,0,288,5757,288,5757,0,F-HB7121,No,No,No,No,Yes, ,Yes, , ,-9511202.856018556,3550728.307629406
Moore ES,1900 Michigan Ave,Panama City,32405,BAY,"-85.70702904, 30.18332398",16R FU 24479 39805,SHELTER,RISK,1,1996,2 Classroom (10),R, ,0,0,0,0,168,3357,168,3357,0,HMGP,D,5,No,No,Yes, ,Yes, , ,-9540862.830319308,3527136.264817037
Rutherford HS,1000 School Ave,Springfield,32401,BAY,"-85.61524301, 30.16608099",16R FU 33340 37998,SHELTER,RISK,1,1986,13 Cafeteria,R, ,0,0,0,0,552,11031,552,11031,0,F-HB7121,No,No,No,No,Yes, ,Yes, , ,-9530645.256114649,3524915.9189127935
Bozeman Learning Center,13410 SR 77,Panama City,32409,BAY,"-85.68895471, 30.39417873",16R FU 25949 63194,SHELTER,RISK,1,2000,2 Classroom,R, ,0,0,0,0,436,6541,327,6541,587,HMGP,No,No,No,No,Yes, ,Yes, , ,-9538850.80451574,3554319.1398440883
Bozeman Learning Center,13410 SR 77,Panama City,32409,BAY,"-85.68895471, 30.39417873",16R FU 25949 63194,SHELTER,RISK,1,2000,8 Gym,A,HW 600KW,0,0,191,11466,0,0,191,11466,0,HMGP / EHPA,No,No,No,Yes, ,Yes,Yes, , ,-9538850.80451574,3554319.1398440883
Moore ES,1900 Michigan Ave,Panama City,32405,BAY,"-85.70702904, 30.18332398",16R FU 24479 39805,SHELTER,RISK,1,1996,4 Classroom (12),R, ,0,0,0,0,393,7862,393,7862,0,HMGP,D,5,No,No,Yes, ,Yes, , ,-9540862.830319308,3527136.264817037
Cedar Grove ES,2826 East 15th St,Panama City,32405,BAY,"-85.62116198, 30.17427002",16R FU 32759 38899,SHELTER,RISK,1,1999,13 Music,R, ,0,0,0,0,142,2137,107,2137,206,HMGP,No,No,No,No,Yes, ,Yes, , ,-9531304.152305467,3525970.3559116996
Oakland Terrace ES,2010 W 12th St,Panama City,32401,BAY,"-85.69123301, 30.17070302",16R FU 26016 38424,SHELTER,RISK,1,1986,14 Classroom,R, ,0,0,0,0,258,4159,208,4159,258,HMGP,No,No,No,No,Yes, ,Yes, , ,-9539104.424116118,3525511.0505374833
Palm Bay Community Center,1951 NW Malabar Rd,Palm Bay,32907,BREVARD,"-80.73103450, 27.99901984",17R NL 26445 97122,SHELTER,RISK,5,2005,Main,A,400 KW,484,9675,0,0,0,0,484,9675,484, ,No,No,No,No,Yes, ,Yes, , ,-8986937.651397401,3248850.2145849587
Viera Regional Community Center,2300 Judge Fran Jamieson Way,Viera,32940,BREVARD,"-80.72831497, 28.24794342",17R NM 26651 24698,SHELTER,RISK,5,2005,Main,A,350 KW,484,9675,0,0,0,0,484,9675,484, ,No,No,No,No,Yes, ,Yes, , ,-8986634.915171664,3280269.8983889567
Port St. John Community Center,6650 Corto Rd,Port St. John,32927,BREVARD,"-80.80573899, 28.47465400",17R NM 19015 49799,SHELTER,RISK,5,1999,Main,R,70 KW,0,0,0,0,248,4962,248,4962,260,HMGP,No,No,No,No,Yes, ,Yes, , ,-8995253.717342991,3308949.6746724565
Everglades HS,17100 SW 48th Ct,Miramar,33027,BROWARD,"-80.37336144, 25.97113826",17R NJ 62728 72637,SHELTER,RISK,10,2002,2 Cafeteria / Gym / Auditorium,A, ,0,0,2272,45434,0,0,2272,45434,1122,L,No,No,0.20%,Yes, , ,Yes, ,Yes,-8947121.669143042,2995506.732702559
Falcon Cove MS,4251 Bonaventure Blvd,Weston,33332,BROWARD,"-80.39379724, 26.06647550",17R NJ 60633 83186,SHELTER,RISK,10,1999,2 Cafeteria / Gym / Music,A, ,0,0,1225,24508,0,0,1225,24508,998,L,No,No,0.20%,Yes, , ,Yes, ,Yes,-8949396.572145917,3007316.550619034
Lyons Creek MS,4333 Sol Press Blvd,Coconut Creek,33073,BROWARD,"-80.18186316, 26.30973168",17R NK 81663 10243,SHELTER,RISK,10,1999,3 Cafeteria / Gym / Music,A, ,0,0,2698,53951,0,0,2698,53951,998,L,No,No,0.20%,Yes, , ,Yes, ,Yes,-8925804.17756565,3037493.3867271706
Everglades ES,2900 Bonaventure Blvd,Weston,33331,BROWARD,"-80.39010617, 26.08448720",17R NJ 60993 85183,SHELTER,RISK,10,1998,1 Main,A, ,0,0,2287,45745,0,0,2287,45745,1214,L,No,No,0.20%,Yes,Yes, ,Yes, ,Yes,-8948985.68392331,3009548.8134385347
Millennium MS,5803 NW 94th Ave,Tamarac,33321,BROWARD,"-80.27620810, 26.19607673",17R NJ 72315 97600,SHELTER,RISK,10,2001,3 Cafeteria / Music,A, ,500,10000,325,6492,0,0,825,16492,325,L,No,No,No,Yes,Yes, ,Yes, ,Yes,-8936306.60895332,3023386.2227421943
Challenger ES,5700 NW 94 Ave,Tamarac,33321,BROWARD,"-80.27596385, 26.19565855",17R NJ 72340 97553,SHELTER,RISK,10,2000,1 Main,A, ,0,0,2410,48207,0,0,2410,48207,395,L,No,No,No,Yes,Yes, ,Yes, ,Yes,-8936279.419086955,3023334.343382591
Keystone Heights HS,900 SW Orchid Ave,Keystone Heights,32656,CLAY,"-82.04196703, 29.77907900",17R LN 99280 94760,SHELTER,RISK,4,1995,9 Gym,R,"Yes, unknown kW",0,0,0,0,848,16960,848,16960,859,1588-2006,No,No,No,No,Yes, ,Yes, , ,-9132869.993229656,3475184.0003330787
Landmark MS,101 Kernan Blvd N,Jacksonville,32225,DUVAL,"-81.48724798, 30.32335101",17R MP 53158 54716,SHELTER,RISK,4,1989,1F Classroom,A,100 kW for campus,0,0,0,0,0,0,920,18399,903,"S, F HMGP1300-104",No,No,No,No,Yes, ,Yes, , ,-9071118.951487098,3545181.683611331
Atlantic Coast HS,9735 R G Skinner Pkwy,Jacksonville,32256,DUVAL,"-81.50634598, 30.20280001",17R MP 51263 41365,SHELTER,RISK,4,2010,3 Classroom,A, ,0,0,0,0,0,0,1086,21725,0, ,No,No,No,No,Yes, ,Yes, , ,-9073244.931000097,3529644.620047502
The Legends Center of Jacksonville,5130 Soutel Dr,Jacksonville,32208,DUVAL,"-81.72721701, 30.39392500",17R MP 30139 62661,SHELTER,RISK,4,2010,1A Gym,A,475 kW,0,0,406,8120,0,0,406,8120,478,"L, S, F HB7121",C,No,No,Yes,Yes, ,Yes, , ,-9097832.181289764,3554286.3943932466
Mandarin MS,5100 Hood Rd,Jacksonville,32257,DUVAL,"-81.58747098, 30.18900599",17R MP 43446 39874,SHELTER,RISK,4,1989,1A Classroom / Gym,R,100 kW for campus,0,0,0,0,558,11154,558,11154,1764,"L, F HB7121",No,No,No,No,Yes, ,Yes, , ,-9082275.72513386,3527868.0105308746
Landmark MS,101 Kernan Blvd N,Jacksonville,32225,DUVAL,"-81.48724798, 30.32335101",17R MP 53158 54716,SHELTER,RISK,4,1989,1A Classroom / Gym,R,100 kW for campus,0,0,0,0,0,0,558,11154,558,"S, F HMGP 1561-235",No,No,No,No,Yes, ,Yes, , ,-9071118.951487098,3545181.683611331
Molino Park ES,899 Hwy 97,Molino,32577,ESCAMBIA,"-87.36242902, 30.74042898",16R DV 65306 00891,SHELTER,RISK,1,2002,4 Classroom,R, ,0,0,0,0,367,7331,367,7331,307,S,No,No,No,No,Yes, ,Yes, , ,-9725141.112817125,3599084.589111513
Molino Park ES,899 Hwy 97,Molino,32577,ESCAMBIA,"-87.36242902, 30.74042898",16R DV 65306 00891,SHELTER,RISK,1,2002,2 Art / Classroom,R, ,0,0,0,0,315,6295,315,6295,307,S,No,No,No,No,Yes, ,Yes, , ,-9725141.112817125,3599084.589111513
Molino Park ES,899 Hwy 97,Molino,32577,ESCAMBIA,"-87.36242902, 30.74042898",16R DV 65306 00891,SHELTER,RISK,1,2002,1 Admin / Cafeteria / Media,A, ,0,0,683,13651,0,0,683,13651,307,L,No,No,No,Yes,Yes, ,Yes, , ,-9725141.112817125,3599084.589111513
Molino Park ES,899 Hwy 97,Molino,32577,ESCAMBIA,"-87.36242902, 30.74042898",16R DV 65306 00891,SHELTER,RISK,1,2002,3 Classroom,R, ,0,0,0,0,357,7137,357,7137,307,S,No,No,No,No,Yes, ,Yes, , ,-9725141.112817125,3599084.589111513
Molino Park ES,899 Hwy 97,Molino,32577,ESCAMBIA,"-87.36242902, 30.74042898",16R DV 65306 00891,SHELTER,RISK,1,2002,5 Classroom,R, ,0,0,0,0,229,4589,229,4589,307,S,No,No,No,No,Yes, ,Yes, , ,-9725141.112817125,3599084.589111513
West Glades ES,2586 Hwy 731,LaBelle,33935,GLADES,"-81.44293071, 26.80701992",17R MK 55979 65137,SHELTER,RISK,8,2003,5 Cafeteria,A,"Yes, unknown kW",0,0,208,4165,0,0,208,4165,594, ,No,No,No,Yes,Yes, ,Yes, , ,-9066185.57500221,3099382.0571826603
Hamilton County HS,5683 US Highway 129 S,Jasper,32052,HAMILTON,"-82.93010954, 30.47547713",17R LP 14722 73057,SHELTER,RISK,3,2003,6 Gym,A,350 kW for campus,0,0,623,12461,0,0,623,12461,0, ,No,No,No,Yes,Yes, ,Yes, , ,-9231737.564993588,3564815.58616634
Shields MS,15732 Beth Shields Way,Ruskin,33573,HILLSBOROUGH,"-82.36952703, 27.73978400",17R LL 65015 69128,SHELTER,RISK,7,2006,6 Classroom,A, ,0,0,390,7791,0,0,390,7791,540,"L, S",No,No,No,Yes,Yes, ,Yes, ,Yes,-9169333.805415163,3216205.9417145043
Smith MS,14303 Citrus Pointe Dr,Tampa,33625,HILLSBOROUGH,"-82.57390398, 28.07683500",17R LM 45348 06713,SHELTER,RISK,7,2005,4 Classroom,A, ,0,0,1599,31989,0,0,1599,31989,675,"L,S",No,No,No,Yes,Yes, ,Yes, ,Yes,-9192084.943542045,3258664.3832484954
Smith MS,14303 Citrus Pointe Dr,Tampa,33625,HILLSBOROUGH,"-82.57390398, 28.07683500",17R LM 45348 06713,SHELTER,RISK,7,2005,3 Gym,A, ,0,0,501,10020,0,0,501,10020,675,"L,S",No,No,No,Yes,Yes, ,Yes, ,Yes,-9192084.943542045,3258664.3832484954
Strawberry Crest HS,4691 Gallagher Rd,Dover,33527,HILLSBOROUGH,"-82.23659004, 28.02288899",17R LM 78435 00354,SHELTER,RISK,7,2006,5 Lab,A, ,0,0,362,7245,0,0,362,7245,400,"L, S",No,No,No,Yes,Yes, ,Yes, ,Yes,-9154535.328028057,3251859.8736605714
Liberty Magnet School,6850 81st St,Vero Beach,32967,INDIAN RIVER,"-80.46525952, 27.74151477",17R NL 52702 68683,SHELTER,RISK,9,2005,1 Main,A, ,184,3680,0,0,0,0,184,3680,184, ,No,No,No,No,Yes, ,Yes, ,Yes,-8957351.715796497,3216423.6299993186
Treadway ES,10619 Treadway School Rd,Leesburg,34748,LAKE,"-81.78018200, 28.84559701",17R MM 23896 91129,SHELTER,RISK,5,2004,13 Cafeteria,A, ,0,0,193,3865,0,0,193,3865,212,L,No,No,No,Yes,Yes, ,Yes, , ,-9103728.217570953,3356008.6330639017
Astatula ES,13925 Florida Ave,Astatula,34705,LAKE,"-81.72578697, 28.71083499",17R MM 29111 76164,SHELTER,RISK,5,1999,3 Cafeteria / Music,A,"Yes, unknown kW",0,0,231,4628,0,0,231,4628,315,S-1523,No,No,No,Yes,Yes, ,Yes, ,Yes,-9097672.99039855,3338893.0373036303
Lost Lake ES,1901 Johns Lake Rd,Clermont,34711,LAKE,"-81.72159139, 28.52567145",17R MM 29397 55648,SHELTER,RISK,5,1999,3 Cafeteria / Music,A,"Yes, unknown kW",0,0,230,4590,0,0,230,4590,303,L,No,No,No,Yes,Yes, ,Yes, ,Yes,-9097205.93990492,3315412.04987816
Treadway ES,10619 Treadway School Rd,Leesburg,34748,LAKE,"-81.78018200, 28.84559701",17R MM 23896 91129,SHELTER,RISK,5,2004,11 Classroom,A, ,0,0,187,3738,0,0,187,3738,249,L,No,No,No,Yes,Yes, ,Yes, , ,-9103728.217570953,3356008.6330639017
Round Lake Charter ES,31333 Round Lake Rd,Mt. Dora,32757,LAKE,"-81.59358097, 28.80536701",17R MM 42076 86566,SHELTER,RISK,5,2000,1 Admin / Media,A,180 kW for campus,0,0,51,1026,0,0,51,1026,83,L,No,No,No,Yes,Yes, ,Yes, ,Yes,-9082955.885938823,3350896.8632202605
Lost Lake ES,1901 Johns Lake Rd,Clermont,34711,LAKE,"-81.72159139, 28.52567145",17R MM 29397 55648,SHELTER,RISK,5,1999,2 Classroom,A,"Yes, unknown kW",0,0,299,5986,0,0,299,5986,251,L,No,No,No,Yes,Yes, ,Yes, ,Yes,-9097205.93990492,3315412.04987816
Umatilla ES,60 Smith St,Umatilla,32784,LAKE,"-81.66641602, 28.92840799",17R MN 35045 00236,SHELTER,RISK,5,2000,1 Admin / Media,A,"Yes, unknown kW",0,0,48,966,0,0,48,966,64,L,No,No,No,Yes,Yes, ,Yes, ,Yes,-9091063.846714692,3366537.1278104195
Tavares MS,13032 Lane Park Cutoff,Tavares,32778,LAKE,"-81.74224577, 28.77189104",17R MM 27546 82939,SHELTER,RISK,5,2003,5 ESE Classroom,A, ,0,0,599,11976,0,0,599,11976,632,L,No,No,No,Yes,Yes, ,Yes, , ,-9099505.175045103,3346644.787711647
Astatula ES,13925 Florida Ave,Astatula,34705,LAKE,"-81.72578697, 28.71083499",17R MM 29111 76164,SHELTER,RISK,5,1999,2 Classroom,A,"Yes, unknown kW",0,0,312,6247,0,0,312,6247,296,S-1523,No,No,No,Yes,Yes, ,Yes, ,Yes,-9097672.99039855,3338893.0373036303
Round Lake Charter ES,31333 Round Lake Rd,Mt. Dora,32757,LAKE,"-81.59358097, 28.80536701",17R MM 42076 86566,SHELTER,RISK,5,2000,3 Classroom,A,180 kW for campus,0,0,273,5467,0,0,273,5467,270,L,No,No,No,Yes,Yes, ,Yes, , ,-9082955.885938823,3350896.8632202605
Umatilla ES,60 Smith St,Umatilla,32784,LAKE,"-81.66641602, 28.92840799",17R MN 35045 00236,SHELTER,RISK,5,2000,6 Classroom,A,180 kW,0,0,186,3728,0,0,186,3728,249,L,No,No,No,Yes,Yes, ,Yes, , ,-9091063.846714692,3366537.1278104195
Treadway ES,10619 Treadway School Rd,Leesburg,34748,LAKE,"-81.78018200, 28.84559701",17R MM 23896 91129,SHELTER,RISK,5,2004,12 Classroom,A, ,0,0,244,4880,0,0,244,4880,272,L,No,No,No,Yes,Yes, ,Yes, , ,-9103728.217570953,3356008.6330639017
Round Lake Charter ES,31333 Round Lake Rd,Mt. Dora,32757,LAKE,"-81.59358097, 28.80536701",17R MM 42076 86566,SHELTER,RISK,5,2000,6 Classroom,A,180 kW for campus,0,0,187,3740,0,0,187,3740,249,S-1523,No,No,No,Yes,Yes, ,Yes, , ,-9082955.885938823,3350896.8632202605
Town of Lee-Publ. Saf / Emerg Shelter,304 Main St,Lee,32059,LAKE,"-81.64613400, 28.85950799",17R MM 36980 92591,SHELTER,RISK,3,2003,Fire,A, ,0,0,0,0,0,0,232,4632,300,S - 01CP-04-03-50-02-217,No,No,No,No,Yes, ,Yes, , ,-9088806.061772658,3357776.673327803
Round Lake Charter ES,31333 Round Lake Rd,Mt. Dora,32757,LAKE,"-81.59358097, 28.80536701",17R MM 42076 86566,SHELTER,RISK,5,2000,4 Classroom,A,180 kW for campus,0,0,209,4172,0,0,209,4172,212,L,No,No,No,Yes,Yes, ,Yes, , ,-9082955.885938823,3350896.8632202605
Chiefland ES,1205 NW 4th Ave,Chiefland,32626,LEVY,"-82.87052000, 29.48034999",17R LN 18643 62663,SHELTER,RISK,3,1991,2 Classroom,R,Unknown kW for all Buildings,0,0,0,0,362,7233,362,7233,362,S-1467-2005,No,No,No,No,Yes, ,Yes, , ,-9225104.088249609,3436927.0449473406
Chiefland ES,1205 NW 4th Ave,Chiefland,32626,LEVY,"-82.87052000, 29.48034999",17R LN 18643 62663,SHELTER,RISK,3,1991,4 Classroom / Library,R,Unknown kW for all Buildings,0,0,0,0,256,5123,256,5123,43,S FY 11/12 1515A: 13-SR-AA-05-48-D3-368,No,No,No,No,Yes, ,Yes, , ,-9225104.088249609,3436927.0449473406
Chiefland ES,1205 NW 4th Ave,Chiefland,32626,LEVY,"-82.87052000, 29.48034999",17R LN 18643 62663,SHELTER,RISK,3,1991,3 Classroom,R,Unknown kW for all Buildings,0,0,0,0,313,6269,313,6269,443,S-1588-2006,No,No,No,No,Yes, ,Yes, , ,-9225104.088249609,3436927.0449473406
Madison Central School,2093 US Hwy 90,Madison,32340,MADISON,"-83.44554999, 30.47853001",17R KP 65237 74354,SHELTER,RISK,3,2000,7 Classroom,R, ,0,0,0,0,329,6579,329,6579,728,S-1435A-2003,No,No,No,No,Yes, ,Yes, , ,-9289116.133930048,3565209.9131984557
Madison Central School,2093 US Hwy 90,Madison,32340,MADISON,"-83.44554999, 30.47853001",17R KP 65237 74354,SHELTER,RISK,3,2000,11 Music,R, ,0,0,0,0,259,5175,259,5175,518,S-1435A-2003,No,No,No,No,Yes, ,Yes, , ,-9289116.133930048,3565209.9131984557
Madison Central School,2093 US Hwy 90,Madison,32340,MADISON,"-83.44554999, 30.47853001",17R KP 65237 74354,SHELTER,RISK,3,2000,9 Classroom / Lab,R, ,0,0,0,0,360,7195,360,7195,659,S-1435A-2003,No,No,No,No,Yes, ,Yes, , ,-9289116.133930048,3565209.9131984557
Madison Central School,2093 US Hwy 90,Madison,32340,MADISON,"-83.44554999, 30.47853001",17R KP 65237 74354,SHELTER,RISK,3,2000,10 Classroom / Lab,R, ,0,0,0,0,448,8959,448,8959,802,S-1435A-2003,No,No,No,No,Yes, ,Yes, , ,-9289116.133930048,3565209.9131984557
Madison Central School,2093 US Hwy 90,Madison,32340,MADISON,"-83.44554999, 30.47853001",17R KP 65237 74354,SHELTER,RISK,3,2000,1 Admin,R, ,0,0,0,0,131,2621,131,2621,518,S-1435A-2003,No,No,No,No,Yes, ,Yes, , ,-9289116.133930048,3565209.9131984557
Madison Central School,2093 US Hwy 90,Madison,32340,MADISON,"-83.44554999, 30.47853001",17R KP 65237 74354,SHELTER,RISK,3,2000,8 Classroom,R, ,0,0,0,0,434,8679,434,8679,796,S-1435A-2003,No,No,No,No,Yes, ,Yes, , ,-9289116.133930048,3565209.9131984557
Madison Central School,2093 US Hwy 90,Madison,32340,MADISON,"-83.44554999, 30.47853001",17R KP 65237 74354,SHELTER,RISK,3,2000,12 Gym,R, ,0,0,0,0,559,11179,559,11179,0, ,No,No,No,No,Yes, ,Yes, , ,-9289116.133930048,3565209.9131984557
Madison Central School,2093 US Hwy 90,Madison,32340,MADISON,"-83.44554999, 30.47853001",17R KP 65237 74354,SHELTER,RISK,3,2000,5 Classroom,R, ,0,0,0,0,390,7807,390,7807,833,S-1435A-2003,No,No,No,No,Yes, ,Yes, , ,-9289116.133930048,3565209.9131984557
Madison Central School,2093 US Hwy 90,Madison,32340,MADISON,"-83.44554999, 30.47853001",17R KP 65237 74354,SHELTER,RISK,3,2000,3 Classroom / Lab,R, ,0,0,0,0,98,1966,98,1966,490,S-1435A-2003,No,No,No,No,Yes, ,Yes, , ,-9289116.133930048,3565209.9131984557
Madison Central School,2093 US Hwy 90,Madison,32340,MADISON,"-83.44554999, 30.47853001",17R KP 65237 74354,SHELTER,RISK,3,2000,6 Classroom,R, ,0,0,0,0,324,6481,324,6481,768,S-1435A-2003,No,No,No,No,Yes, ,Yes, , ,-9289116.133930048,3565209.9131984557
Madison Central School,2093 US Hwy 90,Madison,32340,MADISON,"-83.44554999, 30.47853001",17R KP 65237 74354,SHELTER,RISK,3,2000,4 Classroom,R, ,0,0,0,0,101,2025,101,2025,265,S-1435A-2003,No,No,No,No,Yes, ,Yes, , ,-9289116.133930048,3565209.9131984557
Virgil Mills ES,7200 69th St E,Palmetto,34221,MANATEE,"-82.49036700, 27.57522600",17R LL 52883 51035,SHELTER,RISK,7,2004,1 Main,R, ,0,0,0,0,1985,39695,1985,39695,1484,L,No,No,No,No,Yes, ,Yes, ,Yes,-9182785.64936226,3195524.295088893
Willoughby Learning Center,5151 SE Willoughby Blvd,Stuart,34997,MARTIN,"-80.23119492, 27.14305032",17R NL 76181 02512,SHELTER,RISK,9,1998,Main,R, ,0,0,0,0,591,11813,591,11813,0, ,No,No,No,No,Yes, ,Yes, , ,-8931295.764190817,3141355.3926918027
E. Darwin Fuchs Pavillion,10901 SW 24th St,Miami,33165,MIAMI-DADE,"-80.37172697, 25.74797198",17R NJ 63010 47923,SHELTER,RISK,10,1998,16,A, ,0,0,0,0,0,0,2109,42189,0, ,E,No,AH,No,Yes, ,Yes, , ,-8946939.721006665,2967899.530377017
Dr Michael M Krop HS,1410 NE 215th St,Miami,33179,MIAMI-DADE,"-80.17333898, 25.97148302",17R NJ 82752 72787,SHELTER,RISK,10,1996,3 (area F3A) Classroom,A,235 kW,0,0,0,0,0,0,183,3668,183, ,C,No,No,No,Yes, ,Yes, , ,-8924855.270226868,2995549.421563278
Wildlight ES,550 Curiosity Ave,Yulee,32097,NASSAU,"-81.64063203, 30.63262798",17R MP 38607 89063,SHELTER,RISK,4,2017,1 Admin / Art,A, ,0,0,52,3143,0,0,52,3143,0, ,No,No,No,Yes, ,Yes,Yes, ,Yes,-9088193.58587419,3585130.238035623
Callahan MS,450121 Old Dixie Hwy,Callahan,32011,NASSAU,"-81.83945304, 30.57014400",17R MP 19502 82264,SHELTER,RISK,4,1982,15 Cafeteria,A,"Yes, unknown kW",0,0,398,7952,0,0,398,7952,311, ,No,No,No,Yes,Yes, ,Yes, , ,-9110326.239118088,3577049.087689171
Wildlight ES,550 Curiosity Ave,Yulee,32097,NASSAU,"-81.64063203, 30.63262798",17R MP 38607 89063,SHELTER,RISK,4,2017,2 Cafeteria,A, ,0,0,100,6027,0,0,100,6027,0, ,No,No,No,Yes, ,Yes,Yes, , ,-9088193.58587419,3585130.238035623
Davidson MS,6261 Old Bethel Rd,Crestview,32536,OKALOOSA,"-86.56203002, 30.79409801",16R EV 41901 06865,SHELTER,RISK,1,1997,1A Main,R,"Yes, unknown kW",0,0,0,0,82,4920,82,4920,82,S,No,No,No,No, ,Yes,Yes, , ,-9636041.10387558,3606037.622115845
Antioch ES,4700 Whitehurst Ln,Crestview,32536,OKALOOSA,"-86.61156204, 30.71498898",16R EU 37192 98080,SHELTER,RISK,1,1997,1 Main,R, ,0,0,0,0,1303,26058,1303,26058,1737,S-1467-2004,No,No,No,No,Yes, ,Yes, , ,-9641554.982954817,3595790.0913430224
Davidson MS,6261 Old Bethel Rd,Crestview,32536,OKALOOSA,"-86.56203002, 30.79409801",16R EV 41901 06865,SHELTER,RISK,1,1997,1 Main,R, ,0,0,0,0,2305,46100,2305,46100,3267,S,No,No,No,No,Yes, ,Yes, , ,-9636041.10387558,3606037.622115845
Evans HS,4949 Silver Star Rd,Orlando,32808,ORANGE,"-81.44907101, 28.58116799",17R MM 56085 61666,SHELTER,RISK,5,2011,400 Gym,A,400 kW,0,0,756,15126,0,0,756,15126,0, ,No,No,No,Yes,Yes, ,Yes, , ,-9066869.110522222,3322445.3439716124
West Orange HS,1625 Beaulah Rd,Winter Garden,32787,ORANGE,"-81.56790896, 28.54056002",17R MM 44442 57216,SHELTER,RISK,5,2008,3 Gym,A,335 kW,0,0,906,18122,0,0,906,18122,0,L,No,No,No,Yes,Yes, ,Yes, , ,-9080098.090954162,3317298.5729067936
Oak Ridge HS,700 W Oak Ridge Rd,Orlando,32809,ORANGE,"-81.38599401, 28.47005200",17R MM 62213 49334,SHELTER,RISK,5,2011,7 Gym,A, ,0,0,759,15170,0,0,759,15170,468, ,No,No,No,Yes,Yes, ,Yes, ,Yes,-9059847.410353351,3308366.8934004493
Edgewater HS,3100 Edgewater Dr,Orlando,32804,ORANGE,"-81.39137100, 28.58019402",17R MM 61727 61538,SHELTER,RISK,5,2010,6 Gym,A, ,0,0,737,14731,0,0,737,14731,566, ,No,No,No,Yes,Yes, ,Yes, , ,-9060445.974209305,3322321.8760617436
Timber Creek HS,1001 Avalon Park S Blvd,Orlando,32828,ORANGE,"-81.14989820, 28.53166213",17R MM 85334 56108,SHELTER,RISK,5,1999,3 Gym,A,300 kW,0,0,959,19185,0,0,959,19185,752, ,No,No,No,Yes,Yes, ,Yes, , ,-9033565.345740797,3316171.0933778915
Lake Nona HS,12500 Narcoossee Rd,Orlando,32832,ORANGE,"-81.24547299, 28.38071000",17R MM 75949 39401,SHELTER,RISK,5,2009,3 Gym,A, ,0,0,950,18999,0,0,950,18999,950, ,No,No,No,Yes,Yes, ,Yes, ,Yes,-9044204.682612397,3297057.956041771
Dr. Phillips HS,6500 Turkey Lake Rd,Orlando,32819,ORANGE,"-81.47829100, 28.47276899",17R MM 53179 49668,SHELTER,RISK,5,1986,600 Gym,R, ,0,0,710,14190,0,0,710,14190,710, ,No,No,No,Yes,Yes, ,Yes, ,Yes,-9070121.864355287,3308710.9609919596
Apopka HS,555 Martin St,Apopka,32712,ORANGE,"-81.52204403, 28.69227100",17R MM 49002 74004,SHELTER,RISK,5,2010,300 Gym,A,300 kW,0,0,645,12895,0,0,645,12895,759, ,No,No,No,Yes,Yes, ,Yes, ,Yes,-9074992.429616943,3336537.028232505
Olympia HS,4300 S Apopka Vineland Rd,Orlando,32837,ORANGE,"-81.50840011, 28.49799598",17R MM 50244 52475,SHELTER,RISK,5,1999,3 Gym,A, ,0,0,293,17562,0,0,293,17562,293, ,No,No,No,Yes, ,Yes,Yes, , ,-9073473.59594469,3311906.0131936455
Ocoee HS,1925 Ocoee Crown Point Pkwy,Ocoee,34761,ORANGE,"-81.55753502, 28.60022501",17R MM 45488 63822,SHELTER,RISK,5,2005,3 Gym,A, ,0,0,943,18855,0,0,943,18855,943, ,No,No,No,Yes,Yes, ,Yes, , ,-9078943.268521477,3324861.3693166906
University HS,2451 Cougar Way,Orlando,32817,ORANGE,"-81.21355770, 28.57987205",17R MM 79115 61459,SHELTER,RISK,5,1991,3 Gym,R,600 kW,0,0,0,0,1178,23560,1178,23560,0, ,No,No,No,No,Yes, ,Yes, , ,-9040651.888541922,3322281.061001643
Liberty HS,4250 Pleasant Hill Rd,Kissimmee,34746,OSCEOLA,"-81.44301400, 28.16353200",17R MM 56507 15397,SHELTER,RISK,5,2007,4 Gym,A, ,0,0,0,0,1080,21604,1080,21604,892,L,No,No,No,No,Yes, ,Yes, , ,-9066194.84679409,3269607.1216751332
Harmony HS,3601 Arthur J Gallagher Blvd,St. Cloud,34771,OSCEOLA,"-81.15285698, 28.18822102",17R MM 84996 18062,SHELTER,RISK,5,2002,2 Gym,R, ,0,0,1076,21517,0,0,1076,21517,1076,S-1508-2005,No,No,No,Yes,Yes, ,Yes, , ,-9033894.71587269,3272724.945978023
West Boynton Rec Center,6000 Northtree Blvd,Lake Worth,33463,PALM BEACH,"-80.14113604, 26.56000498",17R NK 85543 37989,SHELTER,RISK,9,0, ,A, ,0,0,4800,4800,0,0,240,4800,240, ,No,No,No,Yes,Yes, ,Yes, , ,-8921270.455654923,3068606.9156072577
Largo HS,410 Missouri Ave N,Largo,33770,PINELLAS,"-82.78548098, 27.91986500",17R LL 24301 89607,SHELTER,RISK,7,2015,3 Gym / Cafeteria,A, ,0,0,0,0,1124,22477,1124,22477,1834,L,No,No,No,No,Yes, ,Yes, , ,-9215637.58807038,3238874.3513437
Palm Harbor University HS,1900 Omaha St,Palm Harbor,34683,PINELLAS,"-82.76261197, 28.08565599",17R LM 26817 07945,SHELTER,RISK,7,1995,5 Classroom,R, ,0,0,0,0,502,10037,502,10037,0,HMGP,No,No,No,No,Yes, ,Yes, , ,-9213091.820753036,3259777.348344424
Gibbs Senior HS,850 34th St S,St. Petersburg,33711,PINELLAS,"-82.67833998, 27.76156002",17R LL 34606 71918,SHELTER,RISK,7,2003,2 Classroom,R, ,0,0,0,0,0,0,2060,41192,237,L,No,No,No,No,Yes, ,Yes, , ,-9203710.705772925,3218945.0873724357
Gibbs Senior HS,850 34th St S,St. Petersburg,33711,PINELLAS,"-82.67833998, 27.76156002",17R LL 34606 71918,SHELTER,RISK,7,2003,3 Gym,R, ,0,0,0,0,0,0,977,19544,238,L,No,No,No,No,Yes, ,Yes, , ,-9203710.705772925,3218945.0873724357
Gibbs Senior HS,853 34th St S,St. Petersburg,33711,PINELLAS,"-82.67954501, 27.76163099",17R LL 34487 71927,SHELTER,RISK,7,2003,4 Auditorium / Classroom,R, ,0,0,0,0,0,0,1373,27464,237,L,No,No,No,No,Yes, ,Yes, , ,-9203844.84963027,3218954.01483173
Gibbs Senior HS,855 34th St S,St. Petersburg,33711,PINELLAS,"-82.67954528, 27.76161242",17R LL 34487 71925,SHELTER,RISK,7,2003,6 Cafeteria,R, ,0,0,0,0,0,0,394,7881,238,L,No,No,No,No,Yes, ,Yes, , ,-9203844.879508669,3218951.6797239156
Palm Harbor University HS,1900 Omaha St,Palm Harbor,34683,PINELLAS,"-82.76261197, 28.08565599",17R LM 26817 07945,SHELTER,RISK,7,1995,11 Classroom,R, ,0,0,0,0,297,5936,297,5936,0,HMGP,No,No,No,No,Yes, ,Yes, , ,-9213091.820753036,3259777.348344424
Gibbs Senior HS,854 34th St S,St. Petersburg,33711,PINELLAS,"-82.67929262, 27.76133567",17R LL 34511 71894,SHELTER,RISK,7,2003,5 Classroom,R, ,0,0,0,0,0,0,799,15974,237,L,No,No,No,No,Yes, ,Yes, , ,-9203816.753177034,3218916.8646599096
Phillip O'Brien ES,1225 E Lime St,Lakeland,33801,POLK,"-81.94019698, 28.03963301",17R MM 07588 01949,SHELTER,RISK,6,2005,9 Classrooms,A, ,0,0,298,5960,0,0,298,5960,0,L,No,No,No,Yes,Yes, ,Yes, , ,-9121541.002972143,3253971.52499268
Lake Region HS,1995 Thunder Rd,Eagle Lake,33839,POLK,"-81.74941497, 27.98022300",17R ML 26300 95237,SHELTER,RISK,6,1994,3 Library/Classroom,R, ,0,0,159,3172,567,11336,567,11336,0,"S, F",No,No,No,Yes,Yes, ,Yes, , ,-9100303.247119358,3246480.591600419
Alta Vista ES,801 Scenic Hwy,Haines City,33844,POLK,"-81.62389203, 28.08592299",17R MM 38705 06877,SHELTER,RISK,6,2005,9 Classroom,A, ,0,0,259,5182,0,0,257,5132,432,L,No,No,No,Yes,Yes, ,Yes, ,Yes,-9086330.097490596,3259811.038561756
Ochwilla ES,299 N SR 21,Melrose,32640,PUTNAM,"-82.03000999, 29.63038002",17R MN 00289 78272,SHELTER,RISK,4,1992,4 Dining,A,500 kW,0,0,0,0,163,3267,163,3267,325,"S, L",No,No,No,No,Yes, ,Yes, , ,-9131538.942102391,3456126.5723952046
Timberlin Creek ES,555 Pine Tree Ln,St. Augustine,32092,ST. JOHNS,"-81.56519398, 30.04330098",17R MP 45511 23718,SHELTER,RISK,4,2004,2 Classroom,A,200 kW,0,0,276,5511,0,0,276,5511,500,L,No,No,No,Yes,Yes, ,Yes, , ,-9079795.860505708,3509116.996088352
South Woods ES,4750 SR 206 W,Elkton,32033,ST. JOHNS,"-81.46485799, 29.72672601",17R MN 55042 88595,SHELTER,RISK,4,2004,1 E & F Cafeteria / Auditorium,A,200 kW for Campus,0,0,226,4527,0,0,226,4527,500,L,No,No,No,Yes,Yes, ,Yes, , ,-9068626.509100119,3468471.163087721
Timberlin Creek ES,555 Pine Tree Ln,St. Augustine,32092,ST. JOHNS,"-81.56519398, 30.04330098",17R MP 45511 23718,SHELTER,RISK,4,2004,1 E & F Cafeteria / Auditorium,A,200 kW,0,0,226,4527,0,0,226,4527,500,L,No,No,No,Yes,Yes, ,Yes, , ,-9079795.860505708,3509116.996088352
Ft Pierce Westwood HS,1801 Panther Ln,Ft Pierce,34947,ST. LUCIE,"-80.37617198, 27.45874902",17R NL 61640 37402,SHELTER,RISK,9,1976,1 Main,R,"Yes, unknown kW",0,0,0,0,2578,51560,2578,51560,632,S,No,No,No,No,Yes, ,Yes, , ,-8947434.536909267,3180904.2214166136
Avalon MS,5445 King Arthur's Way,Milton,32583,SANTA ROSA,"-87.09763925, 30.57162328",16R DU 90637 82132,SHELTER,RISK,1,1998,1 Main EHPA,A,80 kW,0,0,1559,31176,0,0,1559,31176,1559,HMGP,No,No,No,Yes,Yes, ,Yes, , ,-9695664.850196555,3577240.3454519673
Lyman Sr HS,865 S Ronald Reagan Blvd,Longwood,32750,SEMINOLE,"-81.34410503, 28.68723800",17R MM 66383 73383,SHELTER,RISK,5,2000,8B Classroom,R,205 kW,261,5210,0,0,342,1628,342,6838,0, ,No,No,No,No,Yes, ,Yes, , ,-9055184.350422248,3335898.3479756783
Lyman Sr HS,865 S Ronald Reagan Blvd,Longwood,32750,SEMINOLE,"-81.34410503, 28.68723800",17R MM 66383 73383,SHELTER,RISK,5,2000,8A Auditorium,R,205 kW,286,5728,0,0,441,8820,441,8820,0, ,No,No,No,No,Yes, ,Yes, , ,-9055184.350422248,3335898.3479756783
Bentley ES,2190 Oregon Ave,Sanford,32771,SEMINOLE,"-81.33095600, 28.79477602",17R MM 67701 85293,SHELTER,RISK,5,2001,1 Main 1st Floor,R,500 kW capacity,0,0,0,0,371,22270,371,22270,100,S-1435A-2003,No,No,No,No, ,Yes,Yes, , ,-9053720.607400207,3349551.460902138
Lyman Sr HS,865 S Ronald Reagan Blvd,Longwood,32750,SEMINOLE,"-81.34410503, 28.68723800",17R MM 66383 73383,SHELTER,RISK,5,1989,7 Cafeteria / Classroom,R,205 kW,0,0,0,0,729,14584,729,14584,729,HMGP / S 15-SR-94-06-69-01-464,No,No,No,No,Yes, ,Yes, , ,-9055184.350422248,3335898.3479756783
Agriculture Center,7620 SR 471,Bushnell,33513,SUMTER,"-82.05484721, 28.64444520",17R LM 96905 69049,SHELTER,RISK,5,2014,Cow Palace,R,350 kW,0,0,0,0,389,7784,389,7784,0, ,No,No,No,No,Yes, ,Yes, ,Yes,-9134303.80856927,3330469.2414085516
South Sumter Sr HS,7060 N Main St / SR 475,Bushnell,33513,SUMTER,"-82.11734737, 28.65325818",17R LM 90805 70081,SHELTER,RISK,5,2007,44 Cafeteria,A,505 kW,336,6717,0,0,0,0,336,6717,0, ,No,No,No,No,Yes, ,Yes, , ,-9141261.2947602,3331587.1592074223
Manatee Cove ES,734 W Ohio Ave,Orange City,32763,VOLUSIA,"-81.30900698, 28.93878001",17R MN 69884 01242,SHELTER,RISK,5,2004,2 Dining,R, ,0,0,0,0,185,3694,185,3694,0, ,No,No,No,No,Yes, ,Yes, ,Yes,-9051277.253732448,3367856.4066018243
Pine Trail ES,300 Airport Rd,Ormond Beach,32714,VOLUSIA,"-81.11411700, 29.27520299",17R MN 88914 38481,SHELTER,RISK,5,1982,6 Dining / Art,R, ,0,0,0,0,251,5025,251,5025,150, ,No,No,No,No,Yes, ,Yes, , ,-9029582.200695023,3410720.055815968
Citrus Grove ES (K-5),729 Hazen Rd,DeLand,32720,VOLUSIA,"-81.33584097, 29.04012199",17R MN 67301 12477,SHELTER,RISK,5,2009,3 Dining / Music,R, ,0,0,202,4032,0,0,202,4032,150,L,No,No,No,Yes,Yes, ,Yes, ,Yes,-9054264.400138725,3380753.657388238
Volusia County Fairground,3150 E New York Ave,Deland,32724,VOLUSIA,"-81.22254203, 29.01376598",17R MN 78327 09531,SHELTER,RISK,5,0,Tommy Lawrence Arena,R, ,0,0,0,0,425,8500,425,8500,500,L,No,No,No,No,Yes, ,Yes, ,Yes,-9041652.019816482,3377398.252295738
