HAZUSID,Name,Address,City,Zip,COUNTY,LONGLAT,USNG,OWNERSHIP,PARCELID,FACILITY_TYPE,TTL_BEDS,EFCLASS,x,y
,SHANDS REHAB HOSPITAL,4101 NW 89TH BLVD,GAINESVILLE,32606,ALACHUA,"-82.43666336,29.69219137",17R LN 61004 85541,,,HOSPITAL,40,EFHS,-9176807.388288323,3464044.9580831667
,SHANDS AT VISTA,4101 NW 89TH BLVD,GAINESVILLE,32606,ALACHUA,"-82.43663653,29.69147585",17R LN 61005 85462,,,HOSPITAL,81,EFHM,-9176804.401419353,3463953.2685091086
,SELECT SPECIALTY HOSPITAL - G'VILLE,2708 SW ARCHER RD,GAINESVILLE,32608,ALACHUA,"-82.36432040,29.63211699",17R LN 67925 78799,,,HOSPITAL,44,EFHS,-9168754.206030326,3456349.0220642444
,NORTH FLORIDA REGIONAL MEDICAL CNTR,6500 NEWBERRY RD,GAINESVILLE,32605,ALACHUA,"-82.41220000,29.65975600",17R LN 63327 81918,,,HOSPITAL - ACUTE CARE,432,EFHL,-9174084.139175465,3459889.196444034
,SHANDS HOSPITAL AT U of F,1600 SW ARCHER RD ,GAINESVILLE,32610,ALACHUA,"-82.34326474,29.63975339",17R LN 69973 79622,,,HOSPITAL - TRAUMA,875,EFHL,-9166410.301301545,3457327.041703988
,MALCOM RANDALL VA MEDI CNTR,1601 S.W. ARCHER ROAD,GAINESVILLE,32608,ALACHUA,"-82.34719000,29.63595000",17R LN 69588 79205,,,HOSPITAL - VA,240,EFHL,-9166847.259042671,3456839.9195817495
,ED FRASER MEMORIAL HOSP,159 N 3RD ST,MACCLENNY,32063,BAKER,"-82.11899623,30.28609904",17R LP 92382 51018,,,HOSPITAL - ACUTE CARE,25,EFHS,-9141444.845239725,3540378.473223289
,NORTHEAST FLORIDA STATE HOSP,7487 S STATE RD 121,MACCLENNY,32063,BAKER,"-82.14480384,30.22716751",17R LP 89835 44511,,,HOSPITAL,1138,EFHL,-9144317.734593734,3532783.6569350734
,HEALTHSOUTH EMERALD COAST REHAB HOSP,1847 FLORIDA AVE,PANAMA CITY,32405,BAY,"-85.66885702,30.18203065",16R FU 28156 39704,,,HOSPITAL,75,EFHM,-9536613.540759273,3526969.7118507717
,EMERALD COAST BEHAVIORAL HOSP,1940 HARRISON AVE,PANAMA CITY,32405,BAY,"-85.65869064,30.18402124",16R FU 29132 39936,,,HOSPITAL,86,EFHM,-9535481.824408414,3527226.056527128
,GULF COAST REGIONAL MED CENT,449 W 23RD ST,PANAMA CITY,32405,BAY,"-85.66515200,30.18965300",16R FU 28503 40553,,,HOSPITAL - ACUTE CARE,216,EFHL,-9536201.099287009,3527951.3367470535
,325TH MED GROUP USAF,340 MAGNOLIA CIRCLE,TYNDALL AIR FORCE BASE ,32403,BAY,"-85.60302000,30.07105000",16R FU 34646 27480,,,HOSPITAL - VA,,MDFLT,-9529284.596747,3512685.9315914335
,GULF COAST HLTH SYSTEM - PANAMA CTY ,101 VERNON AVE ,PANAMA CITY BEACH ,32407,BAY,"-85.75838000,30.17674000",16R FU 19543 39020,,,HOSPITAL - VA,,MDFLT,-9546579.192854585,3526288.4126916854
,BAY MED CENT/SACRED HEART HEALTH,615 N BONITA AVE,PANAMA CITY,32401,BAY,"-85.64839536,30.15976409",16R FU 30155 37260,,,HOSPITAL - TRAUMA,323,EFHL,-9534335.758960364,3524102.602770419
,SHANDS STARKE REGIONAL MEDICAL CNTR,922 E CALL ST,STARKE,32091,BRADFORD,"-82.10159646,29.94013189",17R LP 93686 12661,,,HOSPITAL - ACUTE CARE,49,EFHS,-9139507.911238208,3495856.6753078746
,CAPE CANAVERAL HOSP,701 W COCOA BEACH CSWY,COCOA BEACH,32931,BREVARD,"-80.62303951,28.36010552",17R NM 36939 37151,,,HOSPITAL - ACUTE CARE,150,EFHL,-8974915.704969943,3294451.187458554
,PALM BAY HOSPITAL,1425 MALABAR RD NE,PALM BAY,32907,BREVARD,"-80.61167304,27.99986717",17R NL 38181 97248,,,HOSPITAL - ACUTE CARE,152,EFHL,-8973650.395341193,3248957.0431155977
,WUESTHOFF MEDICAL CENTER - ROCKLEDGE,110 LONGWOOD AVE,ROCKLEDGE,32955,BREVARD,"-80.72279882,28.33511522",17R NM 27170 34356,,,HOSPITAL - ACUTE CARE,298,EFHL,-8986020.860553445,3291290.2269443367
,VIERA HOSPITAL,8745 N WICKHAM RD,MELBOURNE,32940,BREVARD,"-80.72933458,28.22797118",17R NM 26556 22485,,,HOSPITAL - ACUTE CARE,84.00084,EFHM,-8986748.417725908,3277746.2618929013
,PARRISH MEDICAL CNTR,951 N WASHINGTON AVE,TITUSVILLE,32796,BREVARD,"-80.82409566,28.63073156",17R NM 17193 67087,,,HOSPITAL - ACUTE CARE,210,EFHL,-8997297.172513615,3328729.865875269
,HEALTHSOUTH SEA PINES REHAB HOSP,101 E FLORIDA AVE,MELBOURNE,32901,BREVARD,"-80.62013956,28.05556466",17R NM 37329 03415,,,HOSPITAL,90,EFHM,-8974592.883394739,3255981.0294683343
,KINDRED HOSP - MELBOURNE,765 W NASA BLVD,MELBOURNE,32901,BREVARD,"-80.63239371,28.09288067",17R NM 36113 07545,,,HOSPITAL,60,EFHM,-8975957.009662807,3260688.972231372
,CIRCLES OF CARE HOSP,400 E SHERIDAN RD,MELBOURNE,32901,BREVARD,"-80.61583265,28.08968332",17R NM 37741 07196,,,HOSPITAL,52,EFHM,-8974113.440993821,3260285.5168338893
,DEVEREUX FL,8000 DEVEREUX DR,VIERA,32940,BREVARD,"-80.70819754,28.23417908",17R NM 28628 23178,,,HOSPITAL,100,EFHM,-8984395.45312157,3278530.6240379796
,WUESTHOFF MEDICAL CENTER - MELBOURNE,250 N WICKHAM RD,MELBOURNE,32935,BREVARD,"-80.67481341,28.10936576",17R NM 31940 09360,,,HOSPITAL - ACUTE CARE,119,EFHL,-8980679.148310376,3262769.3195766294
,HOLMES REGION MED CNTR,1350 S HICKORY ST,MELBOURNE,32901,BREVARD,"-80.61437872,28.08820450",17R NM 37884 07033,,,HOSPITAL - TRAUMA,514,EFHL,-8973951.589263724,3260098.916882405
,VIERA OUTPATIENT CLIN,2900 VETERANS WAY ,VIERA ,32940,BREVARD,"-80.74290299,28.25498017",17R NM 25218 25475,,,HOSPITAL - VA,,MDFLT,-8988258.845549723,3281159.155460976
,45TH MED GROUP,1381 S PATRICK DR ,PATRICK AFB,32925,BREVARD,"-80.60516000,28.21663000",17R NM 38743 21263,,,HOSPITAL - VA,,MDFLT,-8972925.366572969,3276313.4318198324
,MEMORIAL REGIONAL HOSPITAL,3501 JOHNSON ST,HOLLYWOOD,33021,BROWARD,"-80.18000755,26.01891635",17R NJ 82051 78036,,,HOSPITAL - TRAUMA,777,EFHL,-8925597.61184273,3001424.0026694625
,BROWARD HEALTH MED CENT,1600 S ANDREWS AVE,FORT LAUDERDALE,33316,BROWARD,"-80.14022481,26.10355622",17R NJ 85970 87435,,,HOSPITAL - TRAUMA,716,EFHL,-8921169.017607594,3011912.488518328
,BROWARD HEALTH N,201 E SAMPLE RD,POMPANO BEACH,33064,BROWARD,"-80.12211756,26.27749614",17R NK 87651 06712,,,HOSPITAL - TRAUMA,409,EFHL,-8919153.328387558,3033490.8201326383
,UNIVERSITY HOSPITAL AND MEDICAL CNTR,7201 N UNIVERSITY DR,TAMARAC,33321,BROWARD,"-80.25493586,26.21223379",17R NJ 74431 99401,,,HOSPITAL - ACUTE CARE,317,EFHL,-8933938.593198948,3025390.8403370003
,BROWARD HEALTH CORAL SPRINGS,3000 CORAL HILLS DR,CORAL SPRINGS,33065,BROWARD,"-80.25574615,26.26921780",17R NK 74313 05712,,,HOSPITAL - ACUTE CARE,200,EFHL,-8934028.794664258,3032463.1099886233
,SOUTH FLORIDA STATE HOSPITAL,800 E CYPRESS DR,PEMBROKE PINES,33025,BROWARD,"-80.25070538,26.00282918",17R NJ 74987 76212,,,HOSPITAL - ACUTE CARE,350,EFHL,-8933467.659141477,2999431.354225232
,CLEVELAND CLINIC HOSP,3100 WESTON RD,WESTON,33326,BROWARD,"-80.36535470,26.08224781",17R NJ 63470 84946,,,HOSPITAL - ACUTE CARE,155,EFHL,-8946230.362537604,3009271.2574408795
,HOLY CROSS HOSP INC,4725 N FEDERAL HWY,FORT LAUDERDALE,33308,BROWARD,"-80.11860949,26.18673459",17R NJ 88069 96662,,,HOSPITAL - ACUTE CARE,557,EFHL,-8918762.811215583,3022227.264303611
,NORTHWEST MEDICAL CNTR,2801 N STATE RD 7,MARGATE,33063,BROWARD,"-80.20229839,26.26308837",17R NK 79655 05065,,,HOSPITAL - ACUTE CARE,228,EFHL,-8928079.016921705,3031702.221487497
,NORTH SHORE MED CNTR/FMC CAMPUS,5000 W OAKLAND PARK BLVD,LAUDERDALE LAKES,33313,BROWARD,"-80.21857736,26.16304106",17R NJ 78096 93974,,,HOSPITAL - ACUTE CARE,459,EFHL,-8929891.184385391,3019288.3304601866
,MEMORIAL HOSPITAL MIRAMAR,1901 SW  172ND AVE,MIRAMAR,33029,BROWARD,"-80.37276267,25.99165811",17R NJ 62777 74910,,,HOSPITAL - ACUTE CARE,178,EFHL,-8947055.014101045,2998047.8008708805
,MEMORIAL HOSPITAL WEST,703 N FLAMINGO RD,PEMBROKE PINES,33028,BROWARD,"-80.31128852,26.01307342",17R NJ 68918 77313,,,HOSPITAL - ACUTE CARE,384,EFHL,-8940211.743384512,3000700.2324696137
,BROWARD HEALTH IMPERIAL POINT,6401 N FEDERAL HWY,FORT LAUDERDALE,33308,BROWARD,"-80.11133432,26.20681423",17R NJ 88781 98891,,,HOSPITAL - ACUTE CARE,204,EFHL,-8917952.943374828,3024718.400588025
,ATLANTIC SHORES HOSP,4545 N FEDERAL HWY,FORT LAUDERDALE,33308,BROWARD,"-80.11855531,26.18448426",17R NJ 88076 96413,,,HOSPITAL,72,EFHM,-8918756.780274618,3021948.1082598586
,HOLLYWOOD PAVILION,1201 N 37TH AVE,HOLLYWOOD,33021,BROWARD,"-80.18079700,26.02090600",17R NJ 81971 78256,,,HOSPITAL,50,EFHS,-8925685.49344329,3001670.471494299
,KINDRED HOSP/S FLORIDA/FT LAUD,1516 E LAS OLAS BLVD,FORT LAUDERDALE,33301,BROWARD,"-80.12766802,26.11920950",17R NJ 87214 89177,,,HOSPITAL,70,EFHM,-8919771.202251025,3013853.0576794776
,HEALTHSOUTH SUNRISE REHAB HOSP,4399 NOB HILL RD,SUNRISE,33351,BROWARD,"-80.28444503,26.17785514",17R NJ 71504 95577,,,HOSPITAL,126,EFHL,-8937251.90089397,3021122.6401709
,KINDRED HOSP/S FLORIDA/HOLLYWOOD,1859 VAN BUREN ST,HOLLYWOOD,33020,BROWARD,"-80.14434300,26.00978669",17R NJ 85627 77048,,,HOSPITAL,119,EFHL,-8921627.452654196,3000293.1171246436
,ST ANTHONY'S REHABILITATION HOSPITAL,3487 NW 30TH ST,LAUDERDALE LAKES,33311,BROWARD,"-80.19349620,26.16370472",17R NJ 80602 94063,,,HOSPITAL,26,EFHS,-8927099.162053188,3019370.6418100805
,FT LAUDERDALE HOSP,1601 E LAS OLAS BLVD,FORT LAUDERDALE,33301,BROWARD,"-80.12674654,26.11965888",17R NJ 87306 89228,,,HOSPITAL,100,EFHM,-8919668.623320026,3013908.7716968595
,MEMORIAL HOSPITAL PEMBROKE,7800 SHERIDAN ST,PEMBROKE PINES,33024,BROWARD,"-80.24645803,26.02968522",17R NJ 75395 79188,,,HOSPITAL - ACUTE CARE,301,EFHL,-8932994.845641986,3002758.0501688584
,WESTSIDE REGIONAL MEDICAL CENTER,8201 W BROWARD BLVD,PLANTATION,33324,BROWARD,"-80.26017627,26.12361489",17R NJ 73963 89583,,,HOSPITAL - ACUTE CARE,224,EFHL,-8934521.952848872,3014399.2499040696
,MEMORIAL REGIONAL HOSPITAL SOUTH,3600 WASHINGTON ST,HOLLYWOOD,33021,BROWARD,"-80.17991010,26.00243612",17R NJ 82072 76211,,,HOSPITAL - ACUTE CARE,267,EFHL,-8925586.764036411,2999382.670974874
,PLANTATION GENERAL HOSPITAL,401 NW 42ND AVE,PLANTATION,33317,BROWARD,"-80.20578066,26.12591890",17R NJ 79400 89871,,,HOSPITAL - ACUTE CARE,364,EFHL,-8928466.661360962,3014684.914900109
,CALHOUN-LIBERTY HOSP,20370 NE BURNS AVE,BLOUNTSTOWN,32424,CALHOUN,"-85.05009111,30.45843904",16R FU 87211 71201,,,HOSPITAL - ACUTE CARE,25,EFHS,-9467732.833804907,3562615.070077694
,FAWCETT MEMORIAL HOSPITAL,21298 OLEAN BLVD,PORT CHARLOTTE,33952,CHARLOTTE,"-82.09831509,26.98840069",17R LK 91015 85624,,,HOSPITAL - ACUTE CARE,237,EFHL,-9139142.630529808,3122022.642821566
,CHARLOTTE REGIONAL MEDICAL CENTER,809 E MARION AVE,PUNTA GORDA,33950,CHARLOTTE,"-82.03985766,26.94083026",17R LK 96773 80306,,,HOSPITAL - ACUTE CARE,208,EFHL,-9132635.179736646,3116081.214857115
,PEACE RIVER REGIONAL MEDICAL CNTR,2500 HARBOR BLVD,PORT CHARLOTTE,33952,CHARLOTTE,"-82.09575217,26.98894384",17R LK 91270 85682,,,HOSPITAL - ACUTE CARE,254,EFHL,-9138857.327572905,3122090.495222911
,CITRUS MEMORIAL HOSP,502 HIGHLAND BLVD,INVERNESS,34452,CITRUS,"-82.33544165,28.83356199",17R LM 69713 90278,,,HOSPITAL - ACUTE CARE,204,EFHL,-9165539.438661162,3354479.213318383
,SEVEN RIVERS REGIONAL MEDICAL CNTR,6201 N SUNCOAST BLVD,CRYSTAL RIVER,34428,CITRUS,"-82.62495118,28.95199887",17R LN 41645 03754,,,HOSPITAL - ACUTE CARE,128,EFHL,-9197767.49163636,3369537.98347546
,ORANGE PARK MEDICAL CNTR,2001 KINGSLEY AVE,ORANGE PARK,32073,CLAY,"-81.73751973,30.16615986",17R MP 28985 37427,,,HOSPITAL - ACUTE CARE,297,EFHL,-9098979.075044468,3524926.075058038
,ST VINCENTS MEDICAL CNTR CLAY COUNTY ,1670 ST VINCENTS WAY,MIDDLEBURG,32068,CLAY,"-81.83298122,30.10885499",17R MP 19747 31140,,,HOSPITAL - ACUTE CARE,,MDFLT,-9109605.799862929,3517549.8251905767
,BAPTIST MED CENT,1771 BAPTIST CLAY DR,FLEMING ISLAND,32003,CLAY,"-81.71018188,30.07901060",17R MP 31558 27753,,,HOSPITAL,,MDFLT,-9095935.83996058,3513709.9681543447
,KINDRED HOSP - NORTH FLORIDA,801 OAK ST,GREEN COVE SPRINGS,32043,CLAY,"-81.68205584,29.98780600",17R MP 34208 17629,,,HOSPITAL,80,EFHM,-9092804.863280982,3501982.515026759
,WILLOUGH AT NAPLES (PRIVATE),9001 TAMIAMI TRL E,NAPLES,34113,COLLIER,"-81.73633250,26.09601601",17R MJ 26368 86525,,,HOSPITAL,87,EFHM,-9098846.913436119,3010977.805726375
,NCH NORTH NAPLES HOSP,11190 HEALTH PARK BLVD,NAPLES,34110,COLLIER,"-81.78864791,26.27445192",17R MK 21256 06318,,,HOSPITAL - ACUTE CARE,322,EFHL,-9104670.637723967,3033112.8889314663
,LANDMARK HOSP OF SW FL,1285 CREEKSIDE BLVD E ,NAPLES ,34109,COLLIER,"-81.78863847,26.27021071",17R MK 21254 05848,,,HOSPITAL - ACUTE CARE,50,EFHS,-9104669.587491065,3032586.3697402785
,PHYSICIANS RGNL HOSPITAL/PINE RIDG,6101 PINE RIDGE RD ,NAPLES,34119,COLLIER,"-81.73267494,26.21393595",17R MJ 26807 99582,,,HOSPITAL - ACUTE CARE,101,EFHL,-9098439.75528495,3025602.044684413
,NAPLES COMMUNITY HOSPITAL ,350 7TH ST N,NAPLES,34102,COLLIER,"-81.79818450,26.15091683",17R MJ 20220 92642,,,HOSPITAL - ACUTE CARE,391,EFHL,-9105732.246175852,3017784.6768194456
,PHYSICIANS RGNL HOSPITAL/ COLLIER BLVD,8300 COLLIER BLVD,NAPLES,34114,COLLIER,"-81.68475853,26.10563729",17R MJ 31531 87562,,,HOSPITAL - ACUTE CARE,100,EFHM,-9093105.724818544,3012170.467920326
,SHANDS LAKE SHORE RGNL MED CNTR,368 NE FRANKLIN ST,LAKE CITY,32055,COLUMBIA,"-82.63271100,30.19345300",17R LP 42824 41348,,,HOSPITAL - ACUTE CARE,99,EFHM,-9198631.31139018,3528440.738712173
,LAKE CITY MED CNTR,340 NW COMMERCE DR,LAKE CITY,32055,COLUMBIA,"-82.68739989,30.18391868",17R LP 37543 40368,,,HOSPITAL - ACUTE CARE,91,EFHM,-9204719.25110121,3527212.8490087464
,LAKE CITY VA MEDICAL CNTR,619 S. MARION AVE ,LAKE CITY ,32025,COLUMBIA,"-82.63689000,30.18183600",17R LP 42403 40066,,,HOSPITAL - VA,47,EFHS,-9199096.515510075,3526944.6447283146
,DESOTO MEMORIAL HOSP,900 N ROBERT AVE,ARCADIA,34266,DESOTO,"-81.85106677,27.22740886",17R ML 15729 11909,,,HOSPITAL - ACUTE CARE,49,EFHS,-9111619.073170517,3151912.322729046
,MEMORIAL HOSP JACKSONVILLE,3625 UNIVERSITY BLVD S,JACKSONVILLE,32216,DUVAL,"-81.60102814,30.28789348",17R MP 42199 50839,,,HOSPITAL - ACUTE CARE,418,EFHL,-9083784.900771562,3540609.8031116617
,MAYO CLINIC,4500 SAN PABLO RD,JACKSONVILLE,32224,DUVAL,"-81.44051350,30.26487810",17R MP 57626 48218,,,HOSPITAL - ACUTE CARE,304,EFHL,-9065916.492345676,3537643.0936284726
,SAINT VINCENT'S MED CNTR RIVERSIDE,1 SHIRCLIFF WAY,JACKSONVILLE,32204,DUVAL,"-81.69002108,30.30784450",17R MP 33654 53099,,,HOSPITAL - ACUTE CARE,528,EFHL,-9093691.550046928,3543182.076119374
,BAPTIST MED CENT JAXS ,800 PRUDENTIAL DR,JACKSONVILLE,32207,DUVAL,"-81.66472202,30.31561516",17R MP 36092 53946,,,HOSPITAL - ACUTE CARE,619,EFHL,-9090875.271472413,3544184.0850825883
,BAPTIST MED CENT S,14550 OLD ST AUGUSTINE ,JACKSONVILLE,32258,DUVAL,"-81.53503482,30.13924705",17R MP 48468 34336,,,HOSPITAL - ACUTE CARE,269,EFHL,-9076438.557803603,3521461.340496343
,BAPTIST MED CENT BEACHES,1350 13TH AVE S,JACKSONVILLE BEACH,32250,DUVAL,"-81.39820417,30.27331201",17R MP 61699 49138,,,HOSPITAL - ACUTE CARE,146,EFHL,-9061206.640213894,3538730.15362134
,ST VINCENT'S MEDICAL CNTR SOUTHSIDE,4201 BELFORT RD,JACKSONVILLE,32216,DUVAL,"-81.58287049,30.25387324",17R MP 43926 47060,,,HOSPITAL - ACUTE CARE,311,EFHL,-9081763.600302614,3536224.800611766
,LAKEWOOD ACUTE CARE CENTER,5978 POWERS AVENUE,JACKSONVILLE,32217,DUVAL,"-81.62181583,30.26245453",17R MP 40185 48031,,,HOSPITAL - ACUTE CARE,,MDFLT,-9086098.976318965,3537330.733810102
,TRAUMA ONE AT SHANDS JACKSONVILLE,655 W 8TH ST,JACKSONVILLE,32209,DUVAL,"-81.66343043,30.34708941",17R MP 36236 57433,,,HOSPITAL - ACUTE CARE,,MDFLT,-9090731.492039792,3548243.4278769577
,BROOKS REHABILITATION HOSP,3599 UNIVERSITY BLVD S,JACKSONVILLE,32216,DUVAL,"-81.60117103,30.29025420",17R MP 42187 51101,,,HOSPITAL,160,EFHL,-9083800.80721502,3540914.142016798
,SPECIALTY HOSPITAL JACKSONVILLE,4901 RICHARD ST,JACKSONVILLE,32207,DUVAL,"-81.61541820,30.27159649",17R MP 40806 49041,,,HOSPITAL,107,EFHL,-9085386.794427097,3538509.0307287895
,RIVER POINT BEHAVIORAL HEALTH,6300 BEACH BLVD,JACKSONVILLE,32216,DUVAL,"-81.59733547,30.29016292",17R MP 42556 51089,,,HOSPITAL,84,EFHM,-9083373.835154183,3540902.3753524614
,DUVAL COUNTY HEALTH DEPT CENTER FOR WOME,515 W 6TH STREET,JACKSONVILLE,32206,DUVAL,"-81.66197349,30.34452792",17R MP 36375 57148,,,HOSPITAL,,MDFLT,-9090569.306403888,3547913.015067209
,WEKIVA SPRINGS,3947 SALISBURY RD,JACKSONVILLE,32216,DUVAL,"-81.59403815,30.25738496",17R MP 42854 47455,,,HOSPITAL,120,EFHL,-9083006.778890844,3536677.3692777157
,SHANDS JACKSONVILLE MEDICAL CNTR,655 W 8TH ST,JACKSONVILLE,32209,DUVAL,"-81.66158925,30.34750111",17R MP 36414 57477,,,HOSPITAL - TRAUMA,695,EFHL,-9090526.533215875,3548296.5355398427
,UF HEALTH JAXS ,655 W 8TH ST,JACKSONVILLE,32209,DUVAL,"-81.66438802,30.34812999",17R MP 36145 57549,,,HOSPITAL - TRAUMA,695,EFHL,-9090838.089869888,3548377.657320921
,SACRED HEART HOSPITAL,5151 N 9TH AVE,PENSACOLA,32504,ESCAMBIA,"-87.21151813,30.47569938",16R DU 79697 71517,,,HOSPITAL - TRAUMA,566,EFHL,-9708341.79006841,3564844.2918364955
,GULF COAST VET HEATLTH SYSTEM ,790 VETERANS WAY,PENSACOLA ,32507,ESCAMBIA,"-87.29252000,30.39879000",16R DU 71900 63012,,,HOSPITAL - VA,,MDFLT,-9717358.876465114,3554914.26715027
,BAPTIST HOSP INC,1000 W MORENO ST,PENSACOLA,32501,ESCAMBIA,"-87.23119084,30.42889772",16R DU 77798 66334,,,HOSPITAL - TRAUMA,492,EFHL,-9710531.745539,3558800.6419969145
,NAVAL HOSP PENSACOLA ,6000 W HWY 98,PENSACOLA ,32512,ESCAMBIA,"-87.29750000,30.39850000",16R DU 71422 62981,,,HOSPITAL - VA,,MDFLT,-9717913.2475269,3554876.839165918
,SELECT SPECIALTY HOSPITAL - PENSACOLA,7000 COBBLE CREEK DR,PENSACOLA,32504,ESCAMBIA,"-87.21578030,30.47879443",16R DU 79289 71861,,,HOSPITAL,75,EFHM,-9708816.251836281,3565244.0688953195
,WEST FLORIDA HOSPITAL,8383 N DAVIS HWY,PENSACOLA,32514,ESCAMBIA,"-87.21750521,30.51548919",16R DU 79131 75928,,,HOSPITAL - ACUTE CARE,515,EFHL,-9709008.268283399,3569984.7648494076
,FL HOSP FLAGLER,60 MEMORIAL MEDICAL PKWY,PALM COAST,32164,FLAGLER,"-81.18990059,29.47898957",17R MN 81589 61070,,,HOSPITAL - ACUTE CARE,99,EFHM,-9038018.391397564,3436753.081027024
,GEORGE E WEEMS MEMORIAL HOSP,135 AVENUE G,APALACHICOLA,32320,FRANKLIN,"-84.99264323,29.72451272",16R FT 94157 89946,,,HOSPITAL - ACUTE CARE,25,EFHS,-9461337.765174516,3468187.4458562694
,FL ST HOSP,100 N MAIN ST,CHATTAHOOCHEE,32324,GADSDEN,"-84.83857111,30.70745311",16R GU 06994 99175,,,HOSPITAL,1230,EFHL,-9444186.536144981,3594814.3567546695
,CAPITAL REGIONAL MED CENT/GADSDEN,23186 BLUE STAR HWY ,QUINCY,32353,GADSDEN,"-84.54861864,30.56899352",16R GU 35104 84396,,,HOSPITAL - ACUTE CARE,4,EFHS,-9411909.174488705,3576900.3430082714
,TRENTON MEDICAL CENTER (PRIVATE),911 S MAIN ST,TRENTON,32693,GILCHRIST,"-82.81883313,29.60753994",17R LN 23876 76680,,,HOSPITAL,,MDFLT,-9219350.332402777,3453201.8578527877
,SACRED HEART HOSPITAL ON THE GULF,3801 E HWY 98,PORT SAINT JOE,32456,GULF,"-85.28798285,29.77891529",16R FT 65497 95516,,,HOSPITAL - ACUTE CARE,19,EFHS,-9494214.822202096,3475163.003513177
,FL HOSP WAUCHULA,533 W CARLTON ST,WAUCHULA,33873,HARDEE,"-81.81690527,27.53563213",17R ML 19336 46029,,,HOSPITAL - ACUTE CARE,25,EFHS,-9107816.233443227,3190552.7756032716
,HENDRY REGION MED CNTR,524 W SAGAMORE AVE,CLEWISTON,33440,HENDRY,"-80.94124923,26.75281761",17R NK 05841 59059,,,HOSPITAL - ACUTE CARE,25,EFHS,-9010338.648137715,3092623.373267732
,SPRING HILL REGIONAL HOSP,10461 QUALITY DR ,SPRING HILL,34609,HERNANDO,"-82.54036455,28.43747464",17R LM 49153 46630,,,HOSPITAL - ACUTE CARE,124,EFHL,-9188351.35109438,3304242.1356300227
,SPRINGBROOK HOSPITAL ,7007 GROVE RD ,BROOKSVILLE,34609,HERNANDO,"-82.48421913,28.53277253",17R LM 54782 57121,,,HOSPITAL,66,EFHM,-9182101.271940066,3316311.7905543866
,OAK HILL HOSP,11375 CORTEZ BLVD,BROOKSVILLE,34613,HERNANDO,"-82.53405961,28.53662124",17R LM 49911 57608,,,HOSPITAL - ACUTE CARE,262,EFHL,-9187649.48887576,3316799.465627082
,BAYFRNT HLTH BROOKSVILLE,17240 CORTEZ BLVD,BROOKSVILLE,34601,HERNANDO,"-82.44282759,28.53860124",17R LM 58840 57717,,,HOSPITAL - ACUTE CARE,120,EFHL,-9177493.58692211,3317050.36120991
,HIGHLANDS REGIONAL MEDICAL CNTR,3600 S HIGHLANDS AVE,SEBRING,33870,HIGHLANDS,"-81.43338156,27.46569212",17R ML 57180 38091,,,HOSPITAL - ACUTE CARE,126,EFHL,-9065122.568906423,3181775.2791717313
,FL HOSP HEARTLAND MED. CENT,4200 SUN N LAKE BLVD,SEBRING,33872,HIGHLANDS,"-81.50594200,27.53905900",17R ML 50044 46245,,,HOSPITAL - ACUTE CARE,147,EFHL,-9073199.960136058,3190982.9919131887
,FL HOSP HEARTLAND MEDI CNTR LAKE PLACID,1210 US 27 N,LAKE PLACID,33852,HIGHLANDS,"-81.36980213,27.32055598",17R ML 63414 21994,,,HOSPITAL - ACUTE CARE,50,EFHS,-9058044.939366918,3163578.3841898683
,TAMPA COMMUNITY HOSP,6001 WEBB RD,TAMPA,33615,HILLSBOROUGH,"-82.57419670,28.00250098",17R LL 45213 98477,,,HOSPITAL - ACUTE CARE,201,EFHL,-9192117.529693741,3249289.1090997295
,SHRINER'S HOSPITAL FOR CHILDREN/TAMPA,12502 N PINE DR,TAMPA,33612,HILLSBOROUGH,"-82.42283590,28.06153024",17R LM 60174 04835,,,HOSPITAL - PEDIATRIC,60,EFHM,-9175268.121618757,3256733.562067773
,ST JOSEPHS HOSPITAL - NORTH,4211 VAN DYKE RD,LUTZ,33558,HILLSBOROUGH,"-82.50968117,28.12959793",17R LM 51732 12479,,,HOSPITAL - ACUTE CARE,76,EFHM,-9184935.693331115,3265322.970562548
,LEE MOFFITT CANCER CNTR & RESEARCH INST,12902 MAGNOLIA DR,TAMPA,33612,HILLSBOROUGH,"-82.42135617,28.06410495",17R LM 60323 05118,,,HOSPITAL - ACUTE CARE,206,EFHL,-9175103.39915146,3257058.3642741414
,SOUTH BAY HOSPITAL,4016 SUN CITY CENTER BLVD,SUN CITY CENTER,33573,HILLSBOROUGH,"-82.36529221,27.71349907",17R LL 65400 66211,,,HOSPITAL - ACUTE CARE,112,EFHL,-9168862.387352994,3212900.3607561006
,MEMORIAL HOSPITAL OF TAMPA,2901 SWANN AVE,TAMPA,33609,HILLSBOROUGH,"-82.48970589,27.93791613",17R LL 53435 91217,,,HOSPITAL - ACUTE CARE,183,EFHL,-9182712.055774588,3241148.685756532
,BRANDON REG HOSP,119 OAKFIELD DR,BRANDON,33511,HILLSBOROUGH,"-82.28774627,27.93281138",17R LL 73301 90426,,,HOSPITAL - ACUTE CARE,422,EFHL,-9160230.013230082,3240505.4796101917
,KINDRED HOSP - BAY AREA TAMPA,4555 S MANHATTAN AVE,TAMPA,33611,HILLSBOROUGH,"-82.51886000,27.89806000",17R LL 50511 86837,,,HOSPITAL,73,EFHM,-9185957.476028053,3236127.556343417
,ST JOSEPHS HOSP BEHAV CNTR ,4918 HABANA AVE,TAMPA,33607,HILLSBOROUGH,"-82.48928000,27.99208000",17R LL 53550 97218,,,HOSPITAL,60,EFHM,-9182664.645499127,3247975.295424124
,SOUTH FLORIDA BAPTIST HOSP,301 N ALEXANDER ST,PLANT CITY,33563,HILLSBOROUGH,"-82.13905300,28.01553410",17R LL 88017 99446,,,HOSPITAL - ACUTE CARE,147,EFHL,-9143677.553915782,3250932.424864373
,ST JOSEPHS HOSP S,6901 SIMMONS LOOP,RIVERVIEW,33578,HILLSBOROUGH,"-82.34733400,27.78923000",17R LL 67262 74582,,,HOSPITAL - ACUTE CARE,90,EFHM,-9166863.289098212,3222426.409246242
,KINDRED HOSP - CENTRAL TAMPA,4801 N HOWARD AVE,TAMPA,33603,HILLSBOROUGH,"-82.48162206,27.98914819",17R LL 54299 96884,,,HOSPITAL,102,EFHL,-9181812.167014906,3247605.692907069
,FL HOSP CARROLLWOOD,7171 N DALE MABRY HWY,TAMPA,33614,HILLSBOROUGH,"-82.50405524,28.01352602",17R LL 52126 99612,,,HOSPITAL - ACUTE CARE,120,EFHL,-9184309.418194467,3250679.2183543597
,FL HOSP TAMPA,3100 E FLETCHER AVE,TAMPA,33613,HILLSBOROUGH,"-82.42331939,28.07061780",17R LM 60138 05842,PR,,HOSPITAL - ACUTE CARE,517,EFHL,-9175321.944275105,3257879.9990144256
,JAMES A HALEY VA MED CNTRQ,13000 N BRUCE B DOWNS BLVD,TAMPA,33612,HILLSBOROUGH,"-82.42805717,28.06444372",17R LM 59665 05164,,,HOSPITAL - VA,415,EFHL,-9175849.351298874,3257101.1002018633
,6TH MED GROUP,3250 ZEMKE AVE,MACDILL AFB,33621,HILLSBOROUGH,"-82.50072563,27.85994784",17R LL 52244 82592,,,HOSPITAL - VA,,MDFLT,-9183938.766762534,3231327.8628916754
,ST JOSEPH'S HOSPITAL,3001 W MARTIN LUTHER KING JR BLVD,TAMPA,33607,HILLSBOROUGH,"-82.49091335,27.98233668",17R LL 53376 96140,,,HOSPITAL - TRAUMA,780,EFHL,-9182846.469189236,3246747.031090393
,TAMPA GENERAL HOSPITAL,1 TAMPA GENERAL CIR,TAMPA,33606,HILLSBOROUGH,"-82.45841812,27.93812126",17R LL 56514 91203,M,,HOSPITAL - TRAUMA,1011,EFHL,-9179229.116928754,3241174.5342626586
,6TH MED GROUP USAF - BRANDON CLIN,22 0GRAND REGENCY BLVD ,BRANDON,33510,HILLSBOROUGH,"-82.32632000,27.94365000",17R LL 69518 91668,,,HOSPITAL - VA,,MDFLT,-9164524.021258814,3241871.199553064
,DOCTORS MEMORIAL HOSP,2600 HOSPITAL DR,BONIFAY,32425,HOLMES,"-85.68284435,30.76096055",16R FV 26061 03852,,,HOSPITAL - ACUTE CARE,20,EFHS,-9538170.602409102,3601744.0763960616
,INDIAN RIVER MED CNTR,1000 36TH ST,VERO BEACH,32960,INDIAN RIVER,"-80.39451773,27.65857609",17R NL 59719 59528,,,HOSPITAL - ACUTE CARE,332,EFHL,-8949476.776327949,3205995.8418151196
,SEBASTIAN RIVER MEDICAL CNTR,13695 US HWY 1,SEBASTIAN,32958,INDIAN RIVER,"-80.48903374,27.84366446",17R NL 50312 79989,,,HOSPITAL - ACUTE CARE,154,EFHL,-8959998.250432808,3229277.7145581287
,HEALTHSOUTH TREASURE COAST REHAB,1600 37TH ST,VERO BEACH,32960,INDIAN RIVER,"-80.40044051,27.66101437",17R NL 59134 59795,,,HOSPITAL,80,EFHM,-8950136.096573025,3206302.292131001
,JACKSON HOSP,4250 HOSPITAL DR,MARIANNA,32446,JACKSON,"-85.24154633,30.78687595",16R FV 68257 07304,,,HOSPITAL - ACUTE CARE,100,EFHM,-9489045.531393545,3605101.749525714
,CAMPBELLTON-GRACEVILLE HOSP,5429 COLLEGE DR,GRACEVILLE,32440,JACKSON,"-85.50680081,30.96314424",16R FV 42612 26473,,,HOSPITAL - ACUTE CARE,25,EFHS,-9518573.524991047,3627963.6461274577
,FL HOSP WATERMAN,1000 WATERMAN WAY,TAVARES,32778,LAKE,"-81.71069843,28.82345075",17R MM 30659 88633,,,HOSPITAL - ACUTE CARE,269,EFHL,-9095993.341468435,3353194.403805943
,LEESBURG REHABILITATION HOSPITAL,700 N PALMETTO ST,LEESBURG,34748,LAKE,"-81.87440306,28.81790045",17R MM 14682 88124,,,HOSPITAL - ACUTE CARE,2,EFHS,-9114216.857087327,3352489.194904299
,LEESBURG REGIONAL MEDICAL CNTR,600 E DIXIE AVE,LEESBURG,34748,LAKE,"-81.86832126,28.80749358",17R MM 15267 86967,,,HOSPITAL - ACUTE CARE,308,EFHL,-9113539.834662097,3351167.0234219376
,SOUTH LAKE HOSPITAL,1900 DON WICKHAM DR,CLERMONT,34711,LAKE,"-81.72220693,28.55193058",17R MM 29354 58557,,,HOSPITAL - ACUTE CARE,170,EFHL,-9097274.461933844,3318739.5102077
,LIFESTREAM BEHAVIORAL CNTR,2020 TALLY RD,LEESBURG,34748,LAKE,"-81.89460863,28.83794133",17R MM 12727 90359,,,HOSPITAL,46,EFHS,-9116466.131256858,3355035.7228457313
,GULF COAST MEDICAL CNTR LMHS ,13681 DOCTORS WAY,FORT MYERS,33912,LEE,"-81.84981503,26.54411470",17R MK 15346 36223,,,HOSPITAL - ACUTE CARE,356,EFHL,-9111479.731180921,3066629.452207147
,LMHS LEE CONVENIENT CARE/PINE ISLAND RD,1682 NE PINE ISLAND RD,CAPE CORAL,33909,LEE,"-81.93800776,26.66854062",17R MK 06661 50066,,,HOSPITAL,,MDFLT,-9121297.29997488,3082120.962470465
,PARK ROYAL HOSP,9241 PARK ROYAL DR,FORT MYERS,33908,LEE,"-81.90953907,26.51040323",17R MK 09370 32530,,,HOSPITAL,103,EFHL,-9118128.180267943,3062435.1388591565
,LMHS LEE CONVENIENT CARE - PAGE FIELD,4741-4771 S CLEVELAND AVE,FORT MYERS,33907,LEE,"-81.87134914,26.59186653",17R MK 13237 41527,,,HOSPITAL,,MDFLT,-9113876.897113342,3072572.7476308667
,CAPE CORAL HOSP LMHS,636 DEL PRADO BLVD,CAPE CORAL,33990,LEE,"-81.94217712,26.63922027",17R MK 06222 46822,PR,,HOSPITAL - ACUTE CARE,291,EFHL,-9121761.431235136,3078468.947118302
,PROMISE HOSP OF FORT MYERS ,3050 CHAMPION RING RD,FORT MYERS,33905,LEE,"-81.80271900,26.63107800",17R MK 20098 45825,,,HOSPITAL - ACUTE CARE,60,EFHM,-9106237.024561187,3077454.946964612
,HEALTHPARK MEDICAL CNTR,9981 HEALTHPARK CIR,FORT MYERS,33908,LEE,"-81.91297645,26.50729264",17R MK 09025 32188,,,HOSPITAL - ACUTE CARE,368,EFHL,-9118510.827746753,3062048.18758522
,LEHIGH REGIONAL MEDICAL CNTR,1500 LEE BLVD,LEHIGH ACRES,33936,LEE,"-81.65929373,26.61608252",17R MK 34366 44083,,,HOSPITAL - ACUTE CARE,88,EFHM,-9090270.99610801,3075587.669937486
,LEE COUNY VA HEALTHCARE CENTER,2489 DIPLOMAT PKWY E,CAPE CORAL,33909,LEE,"-81.92011764,26.68578387",17R MK 08455 51963,,,HOSPITAL - VA,,MDFLT,-9119305.781749971,3084269.1457918617
,LEE MEMORIAL HOSP,2776 CLEVELAND AVE,FORT MYERS,33901,LEE,"-81.87404774,26.62839039",17R MK 12995 45574,PR,,HOSPITAL - TRAUMA,411,EFHL,-9114177.303405065,3077120.2602856904
0,VA CLINIC,3033 WINKLER AVE EXT,FORT MYERS, ,LEE,"-81.84948087,26.60550410",17R MK 15424 43023,,,HOSPITAL - VA,,MDFLT,-9111442.532270633,3074270.564877309
,TALLAHASSEE OUTPATIENT CLIN,1607 ST JAMES CT,TALLAHASSEE,32308,LEON,"-84.24029000,30.45652000",16R GU 64991 72609,,,HOSPITAL - VA,,MDFLT,-9377586.187081397,3562367.245668947
,TALLAHASSEE OUTPATIENT CLINIC,2181 E. ORANGE AVE.,TALLAHASSEE,32311,LEON,"-84.24804513,30.40998060",16R GU 64371 67431,,,HOSPITAL - VA,,MDFLT,-9378449.484403346,3556358.635844311
,TALLAHASSEE MEMORIAL HOSPITAL,1300 MICCOSUKEE RD,TALLAHASSEE,32308,LEON,"-84.26210598,30.45624632",16R GU 62896 72528,,,HOSPITAL - TRAUMA,772,EFHL,-9380014.730557049,3562331.902643001
,CAPITAL REGIONAL MED CENT,2626 CAPITAL MEDICAL BLVD,TALLAHASSEE,32308,LEON,"-84.23119785,30.47580938",16R GU 65812 74769,,,HOSPITAL - ACUTE CARE,266,EFHL,-9376574.053077143,3564858.5003596954
,HEALTHSOUTH REHAB HOSP OF TAL,1675 RIGGINS RD,TALLAHASSEE,32308,LEON,"-84.23750184,30.45950674",16R GU 65250 72947,,,HOSPITAL,76,EFHM,-9377275.809989111,3562752.955205609
,EASTSIDE PSYCH HOSP,"2634B CAPITAL CIRCLE NE, 2ND FLR",TALLAHASSEE,32308,LEON,"-84.23932812,30.48774951",16R GU 64998 76074,,,HOSPITAL,46,EFHS,-9377479.111115891,3566400.835223285
,SELECT SPECIALTY HOSPITAL - TAL,1554 SURGEONS DR,TALLAHASSEE,32308,LEON,"-84.25307467,30.46153658",16R GU 63749 73135,,,HOSPITAL,29,EFHS,-9379009.37006612,3563015.0972490846
,REGIONAL GENERAL HOSPITAL WILLISTON,125 SW 7TH ST,WILLISTON,32696,LEVY,"-82.45491655,29.38435034",17R LN 58810 51449,,,HOSPITAL - ACUTE CARE,40,EFHS,-9178839.323264822,3424656.765858119
,MADISON COUNTY MEMORIAL HOSPITAL,224 NW CRANE AVE,MADISON,32340,MADISON,"-83.41881755,30.47133365",17R KP 67787 73501,,,HOSPITAL - ACUTE CARE,25,EFHS,-9286140.291754015,3564280.4082128783
,LAKEWOOD RANCH MEDICAL CNTR,8330 LAKEWOOD RANCH BLVD,BRADENTON,34202,MANATEE,"-82.43546830,27.39106904",17R LL 58067 30569,,,HOSPITAL - ACUTE CARE,120,EFHL,-9176674.354600808,3172416.195776913
,BLAKE MED CENT,2020 59TH ST W,BRADENTON,34209,MANATEE,"-82.62376910,27.48212916",17R LL 39577 40886,,,HOSPITAL - TRAUMA,383,EFHL,-9197635.904026676,3183837.632583617
,MANATEE MEMORIAL HOSPITAL,206 2ND ST E,BRADENTON,34208,MANATEE,"-82.56215083,27.49739290",17R LL 45687 42499,,,HOSPITAL - ACUTE CARE,295,EFHL,-9190776.589698987,3185753.0470732935
,MANATEE GLENS HOSP & ADDICTION CNTR,2020 26TH AVE E,BRADENTON,34208,MANATEE,"-82.53968462,27.47566143",17R LL 47877 40064,,,HOSPITAL,27,EFHS,-9188275.66219732,3183026.090754747
,SUNCOAST BEHAVIORAL HEALTH CNTR,4480 51ST ST W,BRADENTON,34210,MANATEE,"-82.61296424,27.45973541",17R LL 40613 38391,,,HOSPITAL,60,EFHM,-9196433.11249058,3181027.9670355027
,VINES HOSPITAL,3130 SW 27TH AVE,OCALA,34474,MARION,"-82.17006377,29.15560884",17R LN 86202 25792,,,HOSPITAL,64,EFHM,-9147129.657333236,3395466.500269019
,MUNROE REGIONAL MEDICAL CNTR,1500 SW 1ST AVE,OCALA,34471,MARION,"-82.13897948,29.17491828",17R LN 89246 27901,,,HOSPITAL,421,EFHL,-9143669.370434433,3397928.1054456425
,THE CENTERS INC,5664 SW 60TH AVE,OCALA,34474,MARION,"-82.21919451,29.13070917",17R LN 81395 23081,,,HOSPITAL,15,EFHS,-9152598.866353769,3392292.9258607416
,KINDRED HOSP - OCALA,"1500 SW 1ST AVE, 5TH FLR",OCALA,34474,MARION,"-82.13818640,29.17342636",17R LN 89322 27735,,,HOSPITAL,31,EFHS,-9143581.085243521,3397737.8963886765
,HEALTHSOUTH REHAB HOSP OF OCALA,2275 SW 22ND LANE,OCALA,34471,MARION,"-82.39559000,29.16664200",17R LN 64281 27253,,,HOSPITAL,50,EFHS,-9172235.122376638,3396872.972776211
,WEST MARION COMMUNITY HOSPITAL,4600 SW 46TH CT,OCALA,34474,MARION,"-82.20008912,29.14109295",17R LN 83265 24213,,,HOSPITAL - ACUTE CARE,94,EFHM,-9150472.064085424,3393616.2918821243
,OCALA REGIONAL MEDICAL CNTR,1431 SW 1ST AVE,OCALA,34474,MARION,"-82.13683413,29.17535359",17R LN 89455 27948,,,HOSPITAL - TRAUMA,222,EFHL,-9143430.551209379,3397983.6057984275
,THE VILLAGES OUTPATIENT CLIN,8900 SE 165TH MULBERRY LN,THE VILLAGES ,32162,MARION,"-82.00520000,28.98031000",17R MN 02072 06220,,,HOSPITAL - VA,,MDFLT,-9128777.106392134,3373140.1776727294
,MARTIN HOSP SOUTH,2100 SE SALERNO RD,STUART,34997,MARTIN,"-80.22417696,27.13386809",17R NL 76883 01499,,,HOSPITAL - ACUTE CARE,100,EFHM,-8930514.52810793,3140206.7764311377
,MARTIN MEDICAL CNTR,200 SE HOSPITAL AVE,STUART,34994,MARTIN,"-80.24274305,27.20002045",17R NL 74999 08816,,,HOSPITAL - ACUTE CARE,244,EFHL,-8932581.296116147,3148483.9633733914
,SANDY PINES RESI TREATMENT CNTR,11301 SE TEQUESTA TER,TEQUESTA,33469,MARTIN,"-80.10164261,26.97701557",17R NK 89150 84206,,,HOSPITAL,,MDFLT,-8916874.066598244,3120600.4418025743
,HEALTHSOUTH REHAB HOSP/MARTIN HEAL,5850 SE COMMUNITY DR,STUART,34997,MARTIN,"-80.22200729,27.13276333",17R NL 77099 01378,,,HOSPITAL,44,EFHS,-8930273.00181016,3140068.587426242
,U OF M HOSPITAL AND CLINICS,1475 NW 12TH AVE,MIAMI,33136,MIAMI-DADE,"-80.21458382,25.78819733",17R NJ 78744 52463,,,HOSPITAL,10,EFHS,-8929446.625038402,2972871.8365435456
,KINDRED HOSP/S FLORIDA/CORAL GABLES,5190 SW 8TH ST,CORAL GABLES,33134,MIAMI-DADE,"-80.27891419,25.76366466",17R NJ 72309 49709,,,HOSPITAL,55,EFHM,-8936607.849366855,2969839.1220198087
,JACKSON NORTH MED CNTR,160 NW 170TH ST,NORTH MIAMI BEACH,33169,MIAMI-DADE,"-80.20369565,25.93026843",17R NJ 79740 68203,,,HOSPITAL - ACUTE CARE,382,EFHL,-8928234.559693214,2990446.949927737
,BAPTIST HOSP OF MIA,8900 N KENDALL DR,MIAMI,33176,MIAMI-DADE,"-80.33937287,25.68413069",17R NJ 66290 40869,,,HOSPITAL - ACUTE CARE,728,EFHL,-8943338.078165658,2960011.481273725
,WESTCHESTER GENERAL HOSPITAL,2500 SW 75TH AVE,MIAMI,33155,MIAMI-DADE,"-80.31763293,25.74735483",17R NJ 68436 47882,,,HOSPITAL - ACUTE CARE,125,EFHL,-8940917.999229576,2967823.255972686
,SOUTH FL EVALUATION AND TREATMENT CNTR,18680 SW 376 ST,FLORIDA CITY,33034,MIAMI-DADE,"-80.49142043,25.41943802",17R NJ 51145 11490,,,HOSPITAL,249,EFHL,-8960263.934953324,2927351.73018287
,SISTER EMMANUEL HOSPITAL,3663 S MIAMI AVE,MIAMI,33133,MIAMI-DADE,"-80.21338736,25.74046133",17R NJ 78896 47177,,,HOSPITAL,29,EFHS,-8929313.43609997,2966971.315955795
,WEST GABLES REHABILITATION HOSPITAL,2525 SW 75TH AVE,MIAMI,33155,MIAMI-DADE,"-80.31674318,25.74699454",17R NJ 68525 47843,,,HOSPITAL,60,EFHM,-8940818.952956824,2967778.728038465
,SELECT SPECIALTY HOSPITAL - MIAMI,955 NW 3RD ST SUITE #736,MIAMI,33128,MIAMI-DADE,"-80.21084937,25.77701510",17R NJ 79126 51227,,,HOSPITAL,47,EFHS,-8929030.907950336,2971489.41796117
,BASCOM PALMER EYE INSTITUTE,900 NW 17TH ST,MIAMI,33136,MIAMI-DADE,"-80.21070602,25.79102402",17R NJ 79131 52778,,,HOSPITAL,100,EFHM,-8929014.950574188,2973221.3104573484
,DOUGLAS GARDENS HOSP,5200 NE 2ND AVE,MIAMI,33137,MIAMI-DADE,"-80.19250574,25.82282587",17R NJ 80934 56311,,,HOSPITAL,32,EFHS,-8926988.904206926,2977153.665210065
,ST CATHERINE'S WEST REHAB HOSPITAL,8850 NW 122 ST,HIALEAH GARDENS,33018,MIAMI-DADE,"-80.34297957,25.88365649",17R NJ 65818 62964,,,HOSPITAL,40,EFHS,-8943739.57405799,2984678.422316673
,HEALTHSOUTH REHAB HOSP OF MIA,20601 OLD CUTLER RD,MIAMI,33189,MIAMI-DADE,"-80.34134014,25.57475729",17R NJ 66153 28756,,,HOSPITAL,60,EFHM,-8943557.074405506,2946507.429394025
,ST CATHERINE'S REHABILITATION HOSPITAL,1050 NE 125TH ST,NORTH MIAMI,33161,MIAMI-DADE,"-80.17731838,25.88990375",17R NJ 82410 63749,,,HOSPITAL,22,EFHS,-8925298.25522875,2985451.428795437
,HIALEAH HOSP,651 E 25TH ST,HIALEAH,33013,MIAMI-DADE,"-80.26935262,25.84556311",17R NJ 73218 58784,,,HOSPITAL - ACUTE CARE,378,EFHL,-8935543.460082581,2979965.8122033495
,WEST KENDALL BAPTIST HOSPITAL,9555 SW 162 AVE,MIAMI,33196,MIAMI-DADE,"-80.45595595,25.67816727",17R NJ 54594 40156,,,HOSPITAL - ACUTE CARE,133,EFHL,-8956316.047267504,2959274.8742961236
,MOUNT SINAI MEDIAL CENTER,4300 ALTON ROAD,MIAMI BEACH,33140,MIAMI-DADE,"-80.13829946,25.81539998",17R NJ 86373 55523,,,HOSPITAL - ACUTE CARE,955,EFHL,-8920954.688595721,2976235.3466415512
,MOUNT SINAI MEDICAL CNTR,4300 ALTON RD,MIAMI BEACH,33140,MIAMI-DADE,"-80.14045132,25.81343307",17R NJ 86159 55304,,,HOSPITAL - ACUTE CARE,672,EFHL,-8921194.233068574,2975992.118718969
,LARKIN COMM HOSP PALM SPRINGS CAMPUS ,1475 W 49TH ST,HIALEAH,33012,MIAMI-DADE,"-80.31228601,25.86868128",17R NJ 68902 61321,,,HOSPITAL - ACUTE CARE,247,EFHL,-8940322.783540756,2982825.6274558846
,HOMESTEAD HOSP,975 BAPTIST WAY,HOMESTEAD,33033,MIAMI-DADE,"-80.43002151,25.48003885",17R NJ 57291 18226,,,HOSPITAL - ACUTE CARE,142,EFHL,-8953429.03896213,2934822.752889209
,PROMISE HOSP OF MIAMI,14001 NW 82ND AVE,MIAMI LAKES,33016,MIAMI-DADE,"-80.33234600,25.89927700",17R NJ 66875 64699,,,HOSPITAL - ACUTE CARE,60,EFHM,-8942555.850920176,2986611.30722385
,HEALTH SOUTH DOCTOR'S HOSP,5000 UNIVERSITY DR,CORAL GABLES,33146,MIAMI-DADE,"-80.27388202,25.72442075",17R NJ 72838 45366,,,HOSPITAL - ACUTE CARE,281,EFHL,-8936047.670260835,2964989.114544069
,NORTH SHORE MEDICAL CNTR,1100 NW 95TH ST,MIAMI,33150,MIAMI-DADE,"-80.21437318,25.85949328",17R NJ 78718 60359,,,HOSPITAL - ACUTE CARE,337,EFHL,-8929423.17639195,2981688.9661272597
,"MIAMI MEDICAL CNTR, THE",5959 NW 7TH ST,MIAMI,33126,MIAMI-DADE,"-80.29348516,25.77834270",17R NJ 70839 51327,,,HOSPITAL - ACUTE CARE,69,EFHM,-8938229.882130774,2971653.5372794275
,SOUTHERN WINDS HOSPITAL,4225 W 20TH AVE,HIALEAH,33012,MIAMI-DADE,"-80.32152286,25.86037072",17R NJ 67981 60396,,,HOSPITAL - ACUTE CARE,72,EFHM,-8941351.024046997,2981797.5121085825
,KENDALL REGIONAL MED CNTR,11750 BIRD RD,MIAMI,33175,MIAMI-DADE,"-80.38605967,25.73083685",17R NJ 61581 46019,,,HOSPITAL - TRAUMA,417,EFHL,-8948535.228834905,2965781.9464027015
,JACKSON SOUTH COMM HOSP,9333 SW 152ND ST,MIAMI,33157,MIAMI-DADE,"-80.34467451,25.62990567",17R NJ 65788 34862,,,HOSPITAL - ACUTE CARE,226,EFHL,-8943928.25406938,2953314.911362697
,HELPING HANDS EXTENDED CARE,11300 NW 87TH CT SUITE 162-164,HIALEH GARDENS,33018,MIAMI-DADE,"-80.34051136,25.87619665",17R NJ 66070 62139,,,HOSPITAL - PEDIATRIC,20,EFHS,-8943464.814928016,2983755.431059502
,CORAL GABLES HOSPI,3100 DOUGLAS RD,CORAL GABLES,33134,MIAMI-DADE,"-80.25480404,25.74360547",17R NJ 74739 47501,,,HOSPITAL - ACUTE CARE,245,EFHL,-8933923.919878658,2967359.8818841823
,LARKIN COMMUNITY HOSPITAL,7031 SW 62ND AVE,SOUTH MIAMI,33143,MIAMI-DADE,"-80.29315423,25.70561235",17R NJ 70915 43272,,,HOSPITAL - ACUTE CARE,146,EFHL,-8938193.043161113,2962665.2214522185
,U OF M HOSPITAL,1400 NW 12TH AVE,MIAMI,33136,MIAMI-DADE,"-80.21594460,25.78869585",17R NJ 78607 52517,,,HOSPITAL - ACUTE CARE,560,EFHL,-8929598.105920374,2972933.469703658
,MERCY HOSP/CAMPUS OF PLANTATION GEN,3663 S MIAMI AVE,MIAMI,33133,MIAMI-DADE,"-80.21338736,25.74046133",17R NJ 78896 47177,,,HOSPITAL - ACUTE CARE,488,EFHL,-8929313.43609997,2966971.315955795
,SOUTH MIAMI HOSPITAL,6200 SW 73RD ST,SOUTH MIAMI,33143,MIAMI-DADE,"-80.29390317,25.70332116",17R NJ 70842 43018,,,HOSPITAL - ACUTE CARE,453,EFHL,-8938276.414866172,2962382.1572835636
,PALMETTO GENERAL HOSP,2001 W 68TH ST,HIALEAH,33016,MIAMI-DADE,"-80.32670421,25.88604208",17R NJ 67447 63236,,,HOSPITAL - ACUTE CARE,368,EFHL,-8941927.81013228,2984973.5996103003
,MIAMI VA MEDICAL CENTER ,1201 NW 16TH ST,MIAMI,33744,MIAMI-DADE,"-80.21675693,25.79124486",17R NJ 78524 52799,,,HOSPITAL - VA,432,EFHL,-8929688.534999695,2973248.6139888163
,AVENTURA HOSP AND MED CENT,20900 BISCAYNE BLVD,AVENTURA,33180,MIAMI-DADE,"-80.14532002,25.96960937",17R NJ 85558 72597,,,HOSPITAL - TRAUMA,407,EFHL,-8921736.214367006,2995317.419872897
,NICKLAUS CHILDREN'S HOSP,3100 SW 62ND AVE,MIAMI,33155,MIAMI-DADE,"-80.29446111,25.74142564",17R NJ 70763 47238,,,HOSPITAL - TRAUMA,289,EFHL,-8938338.524461338,2967090.488328313
,Jackson Memorial Hospital,1611 NW 12TH AVE,MIAMI,33136,MIAMI-DADE,"-80.21325745,25.79184269",17R NJ 78875 52867,,,HOSPITAL - TRAUMA,1493,EFHL,-8929298.974142224,2973322.5274369507
,NAVAL BRANCH HEALTH CLINIC KEY WEST ,1300 DOUGLAS CIRCLE,KEY WEST,33040,MONROE,"-81.75073700,24.56853300",17R MH 23979 17380,,,HOSPITAL - VA,,MDFLT,-9100450.414820813,2822840.9579146514
,LOWER KEYS MEDICAL CENTER,5900 COLLEGE RD,KEY WEST,33040,MONROE,"-81.74236793,24.58096860",17R MH 24834 18752,,,HOSPITAL - ACUTE CARE,118,EFHL,-9099518.774018314,2824363.164531392
,DEPOO HOSP,1200 KENNEDY DR,KEY WEST,33040,MONROE,"-81.76735478,24.56442933",17R MH 22294 16935,,,HOSPITAL - ACUTE CARE,49,EFHS,-9102300.298176534,2822338.6721457737
,MARINERS HOSPITAL,91500 OVERSEAS HWY,TAVERNIER,33070,MONROE,"-80.52152566,25.00575166",17R NH 48280 65669,,,HOSPITAL - ACUTE CARE,25,EFHS,-8963615.234161606,2876451.102292452
,FISHERMEN'S HOSP,3301 OVERSEAS HWY,MARATHON,33050,MONROE,"-81.09446182,24.71072397",17R MH 90445 32920,,,HOSPITAL - ACUTE CARE,25,EFHS,-9027394.196076581,2840255.191445331
,BAPTIST MED CENT NASSAU,1250 S 18TH ST,FERNANDINA BEACH,32034,NASSAU,"-81.44849831,30.65362395",17R MP 57029 91301,,,HOSPITAL - ACUTE CARE,62,EFHM,-9066805.357701305,3587846.849626468
,NORTH OKALOOSA MEDICAL CNTR,151 REDSTONE AVE SE,CRESTVIEW,32539,OKALOOSA,"-86.56614515,30.73700291",16R EV 41531 00536,,,HOSPITAL - ACUTE CARE,110,EFHL,-9636499.19822731,3598640.8597560767
,TWIN CITIES HOSPITAL,2190 HWY 85 N,NICEVILLE,32578,OKALOOSA,"-86.49546619,30.53313153",16R EU 48399 77971,,,HOSPITAL - ACUTE CARE,65,EFHM,-9628631.252160203,3572264.6642860747
,REHABILITATION INST OF NORTHWEST FL,996 AIRPORT RD,DESTIN,32547,OKALOOSA,"-86.47220299,30.39411700",16R EU 50702 62576,,,HOSPITAL,20,EFHS,-9626041.604501076,3554311.1723174616
,GULF COAST TREATMENT CENT,1015 MAR WALT DR,FORT WALTON BEACH,32547,OKALOOSA,"-86.63606100,30.45499800",16R EU 34939 69260,,,HOSPITAL,24,EFHS,-9644282.194837816,3562170.6978856614
,FT WALTON BEACH MED CENT,1000 MAR-WALT DR,FORT WALTON BEACH,32547,OKALOOSA,"-86.63284958,30.45462200",16R EU 35248 69220,,,HOSPITAL - ACUTE CARE,237,EFHL,-9643924.70103365,3562122.1426344016
,96TH MEDICAL GROUP USAF ,307 BOATNER ROAD,EGLIN AFB,32542,OKALOOSA,"-86.55272000,30.45883000",16R EU 42939 69714,,,HOSPITAL - VA,,MDFLT,-9635004.71720051,3562665.559919431
,RAULERSON HOSPITAL,1796 HWY 441 NORTH,OKEECHOBEE,34972,OKEECHOBEE,"-80.82912945,27.25984314",17R NL 16913 15227,,,HOSPITAL - ACUTE CARE,100,EFHM,-8997857.531431084,3155973.393714619
,ORLANDO REGIONAL MEDICAL CNTR,52 W UNDERWOOD ST ,ORLANDO,32806,ORANGE,"-81.37816200,28.52599100",17R MM 63000 55529,,,HOSPITAL - ACUTE CARE,794,EFHL,-9058975.55558617,3315452.5371706774
,FL HOSP,601 E ROLLINS ST,ORLANDO,32803,ORANGE,"-81.36956865,28.57556328",17R MM 63857 61018,,,HOSPITAL - ACUTE CARE,1289,EFHL,-9058018.947859887,3321734.8684079456
,NEMOURS CHILDRENS HOSP,13535 NEMOURS PKWY,ORLANDO,32827,ORANGE,"-81.27297355,28.37673992",17R MM 73254 38967,,,HOSPITAL - ACUTE CARE,100,EFHM,-9047266.03074149,3296555.6433734973
,WINTER PARK MEMORIAL HOSPITAL,200 N LAKEMONT AVE ,WINTER PARK,32792,ORANGE,"-81.32636871,28.59832364",17R MM 68089 63528,,,HOSPITAL - ACUTE CARE,320,EFHL,-9053209.952572238,3324620.296555095
,HEALTH CENTRAL,10000 W COLONIAL DR,OCOEE,34761,ORANGE,"-81.52731535,28.55015150",17R MM 48418 58261,,,HOSPITAL - ACUTE CARE,171,EFHL,-9075579.230453255,3318514.0452160863
,FL HOSP APOPKA,201 N PARK AV,APOPKA,32703,ORANGE,"-81.50864947,28.68090897",17R MM 50305 72739,,,HOSPITAL - ACUTE CARE,50,EFHS,-9073501.354747515,3335095.245864864
,UNIVERSITY BEHAVIORAL CENTER,2500 DISCOVERY DR,ORLANDO,32826,ORANGE,"-81.19268888,28.58171412",17R MM 81157 61659,,,HOSPITAL,112,EFHL,-9038328.782087397,3322514.574770838
,ORLANDO HEALTH,52 W UNDERWOOD ST,ORLANDO,32806,ORANGE,,,,,HOSPITAL,,MDFLT,-9058992.083779158,3315608.22894791
,LA AMISTAD RESIDENTIAL TREATMENT CNTR,1650 PARK AVE N,MAITLAND,32751,ORANGE,"-81.36499331,28.61302200",17R MM 64317 65167,,,HOSPITAL,40,EFHS,-9057509.623499744,3326484.002931338
,CENTRAL FLORIDA BEHAVIORAL HOSP,6601 CENTRAL FLORIDA PKWY,ORLANDO,32821,ORANGE,"-81.46981352,28.40888593",17R MM 53982 42587,,,HOSPITAL,126,EFHL,-9069178.15647467,3300623.4430001057
,SELECT SPECIALTY HOSPITAL - ORLANDO N.,2250 BEDFORD RD,ORLANDO,32803,ORANGE,"-81.37027369,28.57194747",17R MM 63787 60618,,,HOSPITAL,35,EFHS,-9058097.433025222,3321276.534383379
,"LAKESIDE BEHAVIORAL HEALTHCARE,INC",1800 MERCY DR,ORLANDO,32808,ORANGE,"-81.43445917,28.56717604",17R MM 57508 60111,,,HOSPITAL,56,EFHM,-9065242.528242081,3320671.7389218234
,ARNOLD PALMER MED CENT,92 W MILLER ST,ORLANDO,32806,ORANGE,"-81.37922137,28.52326334",17R MM 62895 55227,,,HOSPITAL,473,EFHL,-9059093.484127264,3315106.9452804495
,DR P PHILLIPS HOSP,9400 TURKEY LAKE RD ,ORLANDO,32819,ORANGE,"-81.47730303,28.42917133",17R MM 53257 44838,,,HOSPITAL - ACUTE CARE,237,EFHL,-9070011.884103205,3303191.021719863
,FL HOSP E ORLANDO,7727 LAKE UNDERHILL RD ,ORLANDO,32822,ORANGE,"-81.28017676,28.54093712",17R MM 72591 57159,,,HOSPITAL - ACUTE CARE,295,EFHL,-9048067.888035005,3317346.3587978557
,SELECT SPECIALTY HOSPITAL - ORLANDO S.,5579 S ORANGE AVE ,ORLANDO,32809,ORANGE,"-81.37039418,28.47736935",17R MM 63743 50140,,,HOSPITAL,40,EFHS,-9058110.845545452,3309293.54934009
,WP HOSPITAL FOR WOMEN & BABIES,83 W MILLER STREET,ORLANDO,32806,ORANGE,"-81.37909277,28.52451755",17R MM 62908 55366,,,HOSPITAL,,MDFLT,-9059079.168865277,3315265.851128367
,ORLANDO VA HLTHCARE CNTR,5201 RAYMOND STREET,ORLANDO,32803,ORANGE,"-81.32105916,28.58000631",17R MM 68603 61497,,,HOSPITAL - VA,100,EFHM,-9052618.896109037,3322298.0807187436
,ORLANDO VA MEDICAL CENTER AT LAKE NONA,13800 VETERANS WAY,ORLANDO,32827,ORANGE,,,,,HOSPITAL - VA,,MDFLT,-9047608.858138626,3295221.053838262
,OSCEOLA REGIONAL MEDICAL CNTR,700 W OAK ST,KISSIMMEE,34741,OSCEOLA,"-81.40896602,28.29951252",17R MM 59900 30449,,,HOSPITAL - TRAUMA,332,EFHL,-9062404.642940313,3286788.214990202
,ST CLOUD REGIONAL MEDICAL CENTER,2906 17TH ST,SAINT CLOUD,34769,OSCEOLA,"-81.30283580,28.24360932",17R MM 70291 24225,,,HOSPITAL - ACUTE CARE,84,EFHM,-9050590.281397501,3279722.2138837827
,POINCIANA MEDI CNTR,325 CYPRESS PKWY,KISSIMMEE ,34758,OSCEOLA,"-81.47645787,28.14473803",17R MM 53215 13327,,,HOSPITAL - ACUTE CARE,76,EFHM,-9069917.801301396,3267234.228894223
,FL HOSP CELEBRATION HEALTH,400 CELEBRATION PL,CELEBRATION,34747,OSCEOLA,"-81.54146747,28.32855921",17R MM 46923 33718,,,HOSPITAL - ACUTE CARE,227,EFHL,-9077154.636796491,3290461.0975492606
,FL HOSP KISSIMMEE,2450 N ORANGE BLOSSOM TRL,KISSIMMEE,34744,OSCEOLA,"-81.40593026,28.31609024",17R MM 60204 32284,,,HOSPITAL - ACUTE CARE,162,EFHL,-9062066.703592803,3288884.304060201
,JFK MED CNTR,5301 S CONGRESS AVE,ATLANTIS,33462,PALM BEACH,"-80.09213194,26.59766694",17R NK 90394 42195,,,HOSPITAL - ACUTE CARE,472,EFHL,-8915815.343855714,3073294.849164429
,BOCA RATON REG HOSP,800 MEADOWS RD,BOCA RATON,33486,PALM BEACH,"-80.10284294,26.35884767",17R NK 89513 15736,,,HOSPITAL - ACUTE CARE,400,EFHL,-8917007.687641347,3043594.0768024083
,BETHESDA HOSP W,9655 W BOYNTON BEACH BLVD ,BOYNTON BEACH,33472,PALM BEACH,"-80.19976691,26.52979293",17R NK 79724 34605,,,HOSPITAL - ACUTE CARE,80,EFHM,-8927797.214558737,3064847.4153456623
,JUPITER MEDICAL CNTR,1210 S OLD DIXIE HWY,JUPITER,33458,PALM BEACH,"-80.09707480,26.92289646",17R NK 89647 78215,,,HOSPITAL - ACUTE CARE,207,EFHL,-8916365.581322268,3113841.9781827447
,LAKESIDE MEDICAL CNTR,39200 HOOKER HWY,BELLE GLADE,33430,PALM BEACH,"-80.67179153,26.72422165",17R NK 32642 55932,,,HOSPITAL - ACUTE CARE,70,EFHM,-8980342.754498964,3089058.9364228956
,JFK MDCL CNTR N CAMPUS ,2201 45TH ST,WEST PALM BEACH,33407,PALM BEACH,"-80.08786058,26.76141075",17R NK 90690 60334,P,74434306000001030,HOSPITAL - ACUTE CARE,245,EFHL,-8915339.857969815,3093694.6683183936
,WEST BOCA MEDICAL CNTR,21644 STATE RD 7,BOCA RATON,33428,PALM BEACH,"-80.19976160,26.35645284",17R NK 79844 15407,,,HOSPITAL - ACUTE CARE,195,EFHL,-8927796.622588033,3043296.555819323
,PALM BEACH GARDENS MEDICAL CNTR,3360 BURNS RD,PALM BEACH GARDENS,33410,PALM BEACH,"-80.08605159,26.82920450",17R NK 90816 67845,,,HOSPITAL - ACUTE CARE,199,EFHL,-8915138.482331367,3102149.2654420533
,BETHESDA HOSP E,2815 S SEACREST BLVD,BOYNTON BEACH,33435,PALM BEACH,"-80.07071061,26.50530230",17R NK 92602 31979,,,HOSPITAL - ACUTE CARE,401,EFHL,-8913430.732300572,3061800.5986676565
,WELLINGTON REGIONAL MEDICAL CNTR,10101 FOREST HILL BLVD,WELLINGTON,33414,PALM BEACH,"-80.20586588,26.65171747",17R NK 79032 48106,,,HOSPITAL - ACUTE CARE,233,EFHL,-8928476.148273932,3080025.428543197
,GOOD SAMARITAN MED CENT,1309 N FLAGLER DR,WEST PALM BEACH,33401,PALM BEACH,"-80.05116348,26.72540109",17R NK 94369 56372,,,HOSPITAL - ACUTE CARE,333,EFHL,-8911254.755482122,3089205.9339887076
,PALMS WEST HOSP,13001 SOUTHERN BLVD,LOXAHATCHEE,33470,PALM BEACH,"-80.25258541,26.68375632",17R NK 74362 51626,,,HOSPITAL - ACUTE CARE,204,EFHL,-8933676.942693634,3084016.534019711
,SELECT SPECIALTY HOSPITAL - PALM BEACH,3060 MELALEUCA LANE,LAKE WORTH,33461,PALM BEACH,"-80.09143990,26.60920890",17R NK 90454 43473,PR,00434430220000000,HOSPITAL,60,EFHM,-8915738.306094443,3074731.830278392
,KINDRED HOSP - PALM BEACHES,5555 W BLUE HERON BLVD,RIVIERA BEACH,33418,PALM BEACH,"-80.11040464,26.78293439",17R NK 88432 62702,PR,56424225410000010,HOSPITAL,70,EFHM,-8917849.452317495,3096378.3462184123
,JEROME GOLDEN CNTR/BEHAVIORAL HLTH,1041 45TH ST,WEST PALM BEACH,33407,PALM BEACH,"-80.06746806,26.75401026",17R NK 92724 59529,,,HOSPITAL,44,EFHS,-8913069.774059027,3092772.054035442
,JFK ER BOYNTON BEACH,10921 S JOG RD,BOYNTON BEACH,33437,PALM BEACH,"-80.14956435,26.51503921",17R NK 84736 33003,,,HOSPITAL - TRAUMA,,MDFLT,-8922208.69116329,3063011.8645631066
,DELRAY MED CENT,5352 LINTON BLVD,DELRAY BEACH,33484,PALM BEACH,"-80.12708353,26.43717471",17R NK 87035 24394,,,HOSPITAL - TRAUMA,493,EFHL,-8919706.13774191,3053328.4321066923
,ST MARY'S MEDICAL CNTR,901 45TH ST,WEST PALM BEACH,33407,PALM BEACH,"-80.06187425,26.75591550",17R NK 93278 59744,,,HOSPITAL - TRAUMA,464,EFHL,-8912447.073069364,3093009.573628235
,WEST PALM BEACH VA MEDICAL CNTR,7305 N. MILITARY TRAIL,WEST PALM BEACH,33410,PALM BEACH,"-80.11212534,26.78527577",17R NK 88259 62961,F,56424225000007070,HOSPITAL - VA,270,EFHL,-8918040.999069383,3096670.311646525
,NEW PORTRICHEY CLIN,9912 LITTLE ROAD ,NEW PORT RICHEY ,34654,PASCO,"-82.66891000,28.30053000",17R LM 36353 31624,,,HOSPITAL - VA,,MDFLT,-9202660.96560428,3286916.856116301
,ALL CHILDRENS HOSPITAL,4443 ROWAN RD,NEW PORT RICHEY,34653,PASCO,"-82.69173603,28.22398834",17R LM 33996 23174,,,HOSPITAL,,MDFLT,-9205201.947128467,3277243.057263524
,FLORIDA HOSPITAL AT CONNERTON,9441 HEALTH CENTER DR,LAND O LAKES,34637,PASCO,"-82.48996177,28.29528261",17R LM 53895 30813,,,HOSPITAL,50,EFHS,-9182740.53987286,3286253.4369473257
,FLORIDA HOSPITAL OF WESLEY CHAPEL,2600 BRUCE B DOWNS BLVD,WESLEY CHAPEL,33544,PASCO,"-82.35112875,28.19557221",17R LM 67387 19606,,,HOSPITAL - ACUTE CARE,83,EFHM,-9167285.718709925,3273653.421532378
,N TAMPA BEHAVIORAL HEALTH,29910 SR 56,WESLEY CHAPEL,33543,PASCO,"-82.34450000,28.18930000",17R LM 68030 18903,,,HOSPITAL,75,EFHM,-9166547.809644103,3272861.2199913277
,MORTON PLANT NORTH BAY HOSPITAL RECOVERY,21808 STATE ROAD 54,LUTZ,33549,PASCO,"-82.45515074,28.18683201",17R LM 57164 18755,,,HOSPITAL,72,EFHM,-9178865.393371549,3272549.5169251654
,FLORIDA HOSPITAL OF ZEPHYRHILLS,7050 GALL BLVD,ZEPHYRHILLS,33541,PASCO,"-82.18519553,28.26088010",17R LM 83745 26671,,,HOSPITAL - ACUTE CARE,140,EFHL,-9148814.117609052,3281904.7938974407
,MEDICAL CENTER OF TRINITY,9330 STATE ROAD 54,TRINITY,34655,PASCO,"-82.66006226,28.20378611",17R LM 37073 20892,,,HOSPITAL - ACUTE CARE,242,EFHL,-9201676.04006812,3274690.9349184236
,MORTON PLANT NORTH BAY HOSPITAL,6600 MADISON ST,NEW PORT RICHEY,34652,PASCO,"-82.71446023,28.25407225",17R LM 31813 26539,,,HOSPITAL - ACUTE CARE,156,EFHL,-9207731.593792498,3281044.4160241745
,REGIONAL MEDICAL CENTER BAYONET POINT,14000 FIVAY RD,HUDSON,34667,PASCO,"-82.68823823,28.36127404",17R LM 34551 38381,,,HOSPITAL - ACUTE CARE,290,EFHL,-9204812.574175464,3294599.0090103433
,BAYFRONT HEALTH DADE CTY ,13100 FORT KING RD,DADE CITY,33525,PASCO,"-82.20071840,28.34799249",17R LM 82319 36337,,,HOSPITAL - ACUTE CARE,120,EFHL,-9150542.115653016,3292918.9480005223
,MDCL CNTR OF TRINITY W PASCO CAMPUS ,5637 MARINE PKWY,NEW PORT RICHEY,34652,PASCO,"-82.72076009,28.23570978",17R LM 31165 24513,,,HOSPITAL - ACUTE CARE,46,EFHS,-9208432.891107474,3278724.033985148
,NORTHSIDE HOSP,6000 49TH ST N,SAINT PETERSBURG,33709,PINELLAS,"-82.70233130,27.82523007",17R LL 32339 79005,,,HOSPITAL - ACUTE CARE,288,EFHL,-9206381.408054722,3226957.115254733
,EDWARD WHTE HOSP,2323 9TH AVE N,SAINT PETERSBURG,33713,PINELLAS,"-82.66426453,27.78166672",17R LL 36023 74127,,,HOSPITAL - ACUTE CARE,162,EFHL,-9202143.834024556,3221474.7408382813
,PALMS OF PASADENA HOSP,1501 PASADENA AVE S,SAINT PETERSBURG,33707,PINELLAS,"-82.74069145,27.75225616",17R LL 28445 70972,,,HOSPITAL - ACUTE CARE,307,EFHL,-9210651.640023012,3217774.7130101714
,ST PETERSBURG GENERAL HOSPITAL,6500 38TH AVE N,SAINT PETERSBURG,33710,PINELLAS,"-82.72781447,27.80553615",17R LL 29798 76858,,,HOSPITAL - ACUTE CARE,215,EFHL,-9209218.181379363,3224478.3956193314
,ST ANTHONYS HOSP,1200 7TH AVE N,SAINT PETERSBURG,33705,PINELLAS,"-82.65077378,27.77897000",17R LL 37348 73810,,,HOSPITAL - ACUTE CARE,393,EFHL,-9200642.050973183,3221135.435123679
,LARGO MEDICAL CENTER - INDIAN ROCKS,2025 INDIAN ROCKS RD ,LARGO,33774,PINELLAS,"-82.82531425,27.89845727",17R LL 20345 87293,,,HOSPITAL - ACUTE CARE,169,EFHL,-9220071.806987243,3236177.5954017113
,MEASE DUNEDIN HOSP,601 MAIN ST ,DUNEDIN,34698,PINELLAS,"-82.78303547,28.01288286",17R LL 24692 99910,,,HOSPITAL - ACUTE CARE,120,EFHL,-9215365.355138808,3250598.1207226655
,LARGO MEDICAL CNTR,201 14TH ST SW,LARGO,33770,PINELLAS,"-82.80379158,27.91370418",17R LL 22488 88951,,,HOSPITAL - ACUTE CARE,256,EFHL,-9217675.91468378,3238098.2111655185
,MEASE COUNTRYSIDE HOSP,3231 MCMULLEN BOOTH RD,SAFETY HARBOR,34695,PINELLAS,"-82.70843516,28.03875956",17R LM 32068 02673,,,HOSPITAL - ACUTE CARE,311,EFHL,-9207060.88632319,3253861.362721164
,FL HOSP N PINELLAS,1395 S PINELLAS AVE,TARPON SPRINGS,34689,PINELLAS,"-82.75805476,28.13284590",17R LM 27340 13167,,,HOSPITAL - ACUTE CARE,168,EFHL,-9212584.514689978,3265732.9660104862
,BAYCARE ALLIANT HOSP,601 MAIN ST,DUNEDIN,34698,PINELLAS,"-82.78267142,28.01288286",17R LL 24728 99910,,,HOSPITAL - ACUTE CARE,48,EFHS,-9215324.828471499,3250598.1207250226
,MORTON PLANT HOSP,300 PINELLAS ST,CLEARWATER,33756,PINELLAS,"-82.80325149,27.95322893",17R LL 22606 93330,,,HOSPITAL - ACUTE CARE,687,EFHL,-9217615.791429577,3243078.306351743
,ALL CHILDREN'S HOSP,501 6TH AVE S,SAINT PETERSBURG,33701,PINELLAS,"-82.64011762,27.76464120",17R LL 38377 72208,,,HOSPITAL - PEDIATRIC,259,EFHL,-9199455.812772807,3219332.704136145
,HEALTHSOUTH REHAB HOSP OF LARGO,901 N CLEARWATER/LARGO RD,LARGO,33770,PINELLAS,"-82.79664401,27.92543054",17R LL 23211 90240,,,HOSPITAL,70,EFHM,-9216880.250778228,3239575.535104759
,WINDMOOR HEALTHCARE OF CLEARWATER,11300 US HWY 19 N,CLEARWATER,33764,PINELLAS,"-82.71061937,27.87509105",17R LL 31599 84541,,,HOSPITAL,144,EFHL,-9207304.031788802,3233234.7362864516
,KINDRED HOSP/BAY AREA/ST PETE,3030 6TH ST S,SAINT PETERSBURG,33705,PINELLAS,"-82.63951822,27.74114617",17R LL 38402 69604,,,HOSPITAL,82,EFHM,-9199389.087754251,3216377.268547776
,BAYFRONT HEALTH - ST PETERSBURG,701 6TH ST S,SAINT PETERSBURG,33701,PINELLAS,"-82.64322537,27.76327695",17R LL 38069 72061,,,HOSPITAL - TRAUMA,480,EFHL,-9199801.766039938,3219161.078054221
,BAY PINES VA HEALTHCARE SYSTEM,10000 BAY PINES BLVD,BAY PINES,33744,PINELLAS,"-82.77886506,27.81123264",17R LL 24777 77561,,,HOSPITAL - VA,153,EFHL,-9214901.106886528,3225195.3218151536
,REGENCY CENTER FOR WOMEN & INFANTS,101 AVE O SE,WINTER HAVEN,33880,POLK,"-81.72622200,28.00839577",17R ML 28600 98344,,,HOSPITAL,61,EFHM,-9097721.417528465,3250032.344755161
,WINTER HAVEN HOSPITAL,200 AVE F NE ,WINTER HAVEN,33881,POLK,"-81.72472465,28.02871878",17R MM 28761 00595,,,HOSPITAL - ACUTE CARE,468,EFHL,-9097554.733378883,3252595.0533238016
,LAKELAND REGIONAL MEDICAL CNTR,1324 LAKELAND HILLS BLVD,LAKELAND,33805,POLK,"-81.95409800,28.06092900",17R MM 06241 04319,,,HOSPITAL - TRAUMA,849,EFHL,-9123088.457783576,3256657.716517949
,LAKE WALES MEDICAL CNTR,410 S 11TH ST,LAKE WALES,33853,POLK,"-81.56524952,27.89679624",17R ML 44369 85898,,,HOSPITAL - ACUTE CARE,160,EFHL,-9079802.043226315,3235968.3758778833
,BARTOW REG MED CENT,2200 OSPREY BLVD,BARTOW,33831,POLK,"-81.84455607,27.91893268",17R ML 16897 88508,,,HOSPITAL - ACUTE CARE,72,EFHM,-9110894.305979492,3238756.893899555
,HEART OF FLORIDA REGIONAL MED CNTR,40100 US HWY 27 N,DAVENPORT,33837,POLK,"-81.64255467,28.18139883",17R MM 36927 17464,,,HOSPITAL - ACUTE CARE,193,EFHL,-9088407.613225678,3271863.341218238
,PUTNAM COMMUNITY MEDICAL CNTR,611 ZEAGLER DR,PALATKA,32177,PUTNAM,"-81.69241288,29.64237968",17R MN 32979 79359,,,HOSPITAL - ACUTE CARE,99,EFHM,-9093957.803482497,3457663.4174637324
,FLAGLER HOSP,400 HEALTH PARK BLVD,SAINT AUGUSTINE,32086,ST. JOHNS,"-81.31698742,29.86253593",17R MP 69385 03595,,,HOSPITAL - ACUTE CARE,335,EFHL,-9052165.63194075,3485892.3292034385
,S POINTCLIN,6900 SOUTHPOINT DR N,JACKSONVILLE ,32209,ST. JOHNS,"-81.58798000,30.25512000",17R MP 43435 47201,,,HOSPITAL - VA,,MDFLT,-9082332.388464903,3536385.4735940793
,NAVAL BRNCH HLTH CLIN MAYPORT ,2104 MASSEY AVE ,JACKSONVILLE ,32228,ST. JOHNS,"-81.40487000,30.38788000",17R MP 61103 61836,,,HOSPITAL - VA,,MDFLT,-9061948.676447807,3553506.2747548996
,NAVAL HOSP JACKSONVILLE ,2080 CHILD STREET ,JACKSONVILLE ,32214,ST. JOHNS,"-81.68401000,30.20871000",17R MP 34166 42110,,,HOSPITAL - VA,,MDFLT,-9093022.399194304,3530405.877598465
,JACKSONVILLE OUTPATIENT CLIN,1536 N JEFFESON ST ,JACKSONVILLE ,32209,ST. JOHNS,"-81.66364000,30.34402000",17R MP 36214 57093,,,HOSPITAL - VA,,MDFLT,-9090754.821135947,3547847.498114567
,NAVAL BRANCH HLTH CLIN JACKSONVILLE ,814 ENTERPRISE AVE ,JACKSONVILLE ,32212,ST. JOHNS,"-81.68522000,30.22259000",17R MP 34059 43649,,,HOSPITAL - VA,,MDFLT,-9093157.095746297,3532193.9204207966
,LAWNWOOD REGIONAL MED CNTR & HEART,1700 S 23RD ST,FORT PIERCE,34950,ST. LUCIE,"-80.34597843,27.43261156",17R NL 64639 34522,,,HOSPITAL - TRAUMA,370,EFHL,-8944073.40570552,3177625.5986041306
,ST LUCIE MEDICAL CNTR,1800 SE TIFFANY AVE,PORT SAINT LUCIE,34952,ST. LUCIE,"-80.29446660,27.28889707",17R NL 69820 18631,,,HOSPITAL - ACUTE CARE,229,EFHL,-8938339.135654608,3159612.2183769317
,TRADITION MEDI CNTR,10000 SW INNOVATION WAY,PORT SAINT LUCIE,34987,ST. LUCIE,"-80.42670000,27.26240000",17R NL 56748 15629,,,HOSPITAL - ACUTE CARE,90,EFHM,-8953059.290253071,3156293.585999333
,PORT ST LUCIE HOSPITAL,2550 SE WALTON RD,PORT SAINT LUCIE,34952,ST. LUCIE,"-80.27137690,27.29745811",17R NL 72100 19592,,,HOSPITAL,75,EFHM,-8935768.80128779,3160684.6170649803
,WEST FLORIDA COMMUNITY CARE CNTR,5500 STEWART ST,MILTON,32570,SANTA ROSA,"-87.04237591,30.63443602",16R DU 95939 89090,S,,HOSPITAL,100,EFHM,-9689512.963528795,3585364.151136887
,SANTA ROSA MEDICAL CNTR,5992 BERRYHILL RD,MILTON,32570,SANTA ROSA,"-87.06709212,30.63420666",16R DU 93570 89065,,,HOSPITAL - ACUTE CARE,129,EFHL,-9692264.359255025,3585334.4777914584
,JAY HOSP,14114 ALABAMA ST,JAY,32565,SANTA ROSA,"-87.15127761,30.94987524",16R DV 85550 24056,,,HOSPITAL - ACUTE CARE,49,EFHS,-9701635.845433837,3626241.198480236
,GULF BREEZE HOSP,1110 GULF BREEZE PKWY,GULF BREEZE,32561,SANTA ROSA,"-87.15710187,30.36054490",16R DU 84902 58748,,,HOSPITAL - ACUTE CARE,77,EFHM,-9702284.198911909,3549979.2279628483
,ENGLEWOOD COMMUNITY HOSP,700 MEDICAL BLVD,ENGLEWOOD,34223,SARASOTA,"-82.32653438,26.94977365",17R LK 68322 81563,,,HOSPITAL - ACUTE CARE,100,EFHM,-9164547.885912538,3117198.0298965815
,DOCS HOSP OF SARASOTA,5731 BEE RIDGE RD,SARASOTA,34233,SARASOTA,"-82.45354169,27.30193210",17R LL 56164 20714,,,HOSPITAL - ACUTE CARE,155,EFHL,-9178686.275495946,3161245.0839323015
,VENICE REGIONAL MEDICAL CNTR,540 THE RIALTO,VENICE,34285,SARASOTA,"-82.44485425,27.09026069",17R LK 56754 97255,,,HOSPITAL - ACUTE CARE,312,EFHL,-9177719.193247743,3134753.1618487244
,COMPLEXCARE HOSP AT RIDGELAKE ,6150 EDGELAKE DR,SARASOTA,34240,SARASOTA,"-82.44606242,27.30172715",17R LL 56904 20683,,,HOSPITAL,40,EFHS,-9177853.686056683,3161219.4093171023
,HEALTHSOUTH REHAB HOSP OF SARASOTA,6400 EDGELAKE DR,SARASOTA,34240,SARASOTA,"-82.44258304,27.30083463",17R LL 57247 20580,,,HOSPITAL,96,EFHM,-9177466.36371598,3161107.5999801545
,SARASOTA MEMORIAL HOSP,1700 S TAMIAMI TRL,SARASOTA,34239,SARASOTA,"-82.53060893,27.31822286",17R LL 48559 22610,,,HOSPITAL - TRAUMA,819,EFHL,-9187265.360587463,3163286.057870391
,HEALTHSOUTH REHAB HOSP OF ALTAMONTE S ,831 S STATE RD 434,ALTAMONTE SPRINGS,32714,SEMINOLE,"-81.41512700,28.64548100",17R MM 59429 68779,,,HOSPITAL,50,EFHS,-9063090.480515808,3330600.627069791
,FL HOSP ALTAMONTE,601 E ALTAMONTE DR,ALTAMONTE,32701,SEMINOLE,"-81.37014670,28.66539220",17R MM 63832 70970,,,HOSPITAL - ACUTE CARE,398,EFHL,-9058083.296228154,3333126.502773681
,SOUTH SEMINOLE HOSPITAL,555 W STATE ROAD 434,LONGWOOD,32750,SEMINOLE,"-81.35292576,28.69918248",17R MM 65525 74709,,,HOSPITAL - ACUTE CARE,206,EFHL,-9056166.270201188,3337414.1353545827
,CENTRAL FLORIDA REGIONAL HOSP,1401 W SEMINOLE BLVD,SANFORD,32771,SEMINOLE,"-81.28365096,28.81450457",17R MM 72323 87467,,,HOSPITAL - TRAUMA,221,EFHL,-9048454.634660386,3352057.7408580496
,PROMISE HOSPITAL OF FLA /THE VILLAGES,5050 COUNTY ROAD 472,OXFORD,34484,SUMTER,"-82.01968394,28.90961737",17R MM 00593 98399,,,HOSPITAL - ACUTE CARE,40,EFHS,-9130389.451564724,3364147.3725190507
,"VILLAGES REGIONAL HOSP, THE",1451 EL CAMINO REAL,THE VILLAGES,32159,SUMTER,"-81.95852008,28.95036464",17R MN 06593 02864,,,HOSPITAL - ACUTE CARE,297,EFHL,-9123580.721979652,3369330.08136206
,SHANDS LIVE OAK RGNL MED CNTR,1100 SW 11TH ST,LIVE OAK,32060,SUWANNEE,"-83.00295419,30.29129710",17R LP 07366 52762,,,HOSPITAL - ACUTE CARE,25,EFHS,-9239846.595166627,3541048.593219534
,DOCTORS MEMORIAL HOSPITAL,333 N BYRON BUTLER  PKWY,PERRY,32348,TAYLOR,"-83.59324910,30.12008806",17R KP 50146 34930,PR,23040703141000,HOSPITAL - ACUTE CARE,48,EFHS,-9305557.923077015,3518995.4021139564
,DOCTOR'S MEMORIAL HOSP- EMG,409A EAST ASH STREET,PERRY, ,TAYLOR,"-83.57773800,30.12822200",17R KP 51661 35798,,,HOSPITAL,,MDFLT,-9303831.23574812,3520042.256593501
,RECEPTION AND MEDICAL CENTER HOSP,7765 S COUNTY RD 231,LAKE BUTLER,32054,UNION,"-82.35749868,29.98842293",17R LP 69051 18277,,,HOSPITAL,120,EFHL,-9167994.816126557,3502061.805980984
,LAKE BUTLER HOSPITAL ,850 E MAIN ST,LAKE BUTLER,32054,UNION,"-82.32696026,30.02267794",17R LP 72041 22039,,,HOSPITAL - PEDIATRIC,25,EFHS,-9164595.29488743,3506465.2141608535
,HALIFAX HEALTH MED CENT,303 N CLYDE MORRIS BLVD,DAYTONA BEACH,32114,VOLUSIA,"-81.05492436,29.20213918",17R MN 94660 30382,,,HOSPITAL - TRAUMA,568,EFHL,-9022992.906178894,3401399.065530351
,FL HOSP OCEANSIDE,264 S ATLANTIC AVE ,ORMOND BEACH,32176,VOLUSIA,"-81.03695670,29.28445460",17R MN 96410 39501,,,HOSPITAL - ACUTE CARE,80,EFHM,-9020992.75556513,3411900.78878513
,FL HOSP MEMORIAL MED. CENT,301 MEMORIAL MEDICAL PKWY,DAYTONA BEACH,32117,VOLUSIA,"-81.10851683,29.24336873",17R MN 89455 34954,,,HOSPITAL - ACUTE CARE,277,EFHL,-9028958.79212948,3406658.036530728
,FL HOSP DELAND,701 W PLYMOUTH AVE,DELAND,32720,VOLUSIA,"-81.31823468,29.04379522",17R MN 69016 12879,,,HOSPITAL - ACUTE CARE,156,EFHL,-9052304.477318041,3381221.366747954
,FL HOSP FISH MEMORIAL,1055 SAXON BLVD,ORANGE CITY,32763,VOLUSIA,"-81.28516952,28.91402589",17R MM 72201 98493,,,HOSPITAL - ACUTE CARE,175,EFHL,-9048623.680046337,3364708.0017538355
,HALIFAX HEALTH MED CNTR/PORT ORANGE,1041 DUNLAWTON AVE,PORT ORANGE,32127,VOLUSIA,"-81.00872070,29.12633663",17R MN 99151 21982,,,HOSPITAL - ACUTE CARE,80,EFHM,-9017849.537598886,3391735.7049882123
,SELECT SPECIALTY HOSP DAYTONA BEACH,301 MEMORIAL MEDICAL PARKWAY,DAYTONA BEACH,32117,VOLUSIA,"-81.10736100,29.24209600",17R MN 89567 34813,,,HOSPITAL,34,EFHS,-9028830.1261339,3406495.664220036
,HALIFAX PSYCHIATRIC CENT-N,841 JIMMY ANN DR,DAYTONA BEACH,32117,VOLUSIA,"-81.06876224,29.21402641",17R MN 93316 31700,,,HOSPITAL,30,EFHS,-9024533.331918946,3402915.105979796
,FLORIDA HOSPITAL NEW SMYRNA,401 PALMETTO ST,NEW SMYRNA BEACH,32168,VOLUSIA,"-80.92207250,29.02033701",17R NN 07588 10241,,,HOSPITAL - ACUTE CARE,112,EFHL,-9008203.905156732,3378234.7358165267
,VA OUTPATIENT CLIN WILL V CHAPEL JR,551 NATIONAL HEALTH CARE DR ,DAYTONA BEACH,32114,VOLUSIA,"-81.06156000,29.20604000",17R MN 94015 30815,,,HOSPITAL - VA,,MDFLT,-9023731.582047947,3401896.5383391026
,SACRED HEART HOSPITAL ON EMERALD COAST,7800 US HWY 98 W,MIRAMAR BEACH,32550,WALTON,"-86.30675890,30.37830464",16R EU 66607 60909,,,HOSPITAL - ACUTE CARE,58,EFHM,-9607624.452316262,3552270.6536018495
,HEALTHMARK REGIONAL MED CENT,4413 US HWY 331 S,DEFUNIAK SPRINGS,32435,WALTON,"-86.11766669,30.65964224",16R EU 84532 92214,,,HOSPITAL - ACUTE CARE,50,EFHS,-9586574.804658374,3588625.648208115
,NORTHWEST FLORIDA COMMUNITY HOSP,1360 BRICKYARD RD,CHIPLEY,32428,WASHINGTON,"-85.54289060,30.76553747",16R FV 39450 04525,,,HOSPITAL - ACUTE CARE,59,EFHM,-9522591.022040525,3602337.0096035874
